age,income,credit_score,loan_amount,target
56,5302.414893130944,445,15771.365714061962,0
69,6395.473463150184,825,14908.4945337122,0
46,4806.310010454612,525,9026.394631766896,0
32,6256.814459045605,388,21222.773480993637,0
60,3944.096072354475,517,18589.688567564866,0
25,5246.329754300285,391,9072.189841366491,0
38,6069.772587895537,716,21402.064277048958,0
56,5841.389578714157,453,12823.75608251174,0
36,2610.1628385057165,682,7798.091626649864,0
40,4709.789288431789,553,9007.406465907317,0
28,8519.43327456269,357,16388.506835373886,0
28,4613.597066205068,812,7832.499215722503,0
41,5528.453579401311,631,6484.418044735422,0
53,5343.8396490119,745,9805.627587907617,0
57,8322.831566055373,392,10552.433877951937,0
41,7822.662619950406,784,8633.42237180719,0
20,6953.555799673857,459,9730.275530309847,1
39,3748.1638359294393,824,16584.656170306964,0
19,6146.529488545744,559,13282.512182397244,0
41,6522.295137535237,586,9421.796234257476,0
61,4242.511295927102,705,9860.759588598574,0
47,3933.06920947416,668,11341.719118693236,0
55,8569.025464972654,398,11627.928960382395,0
19,4958.554038009528,464,11649.06871891293,0
38,8406.958274040067,504,16401.238315249924,0
50,7294.768759890161,486,12985.192021460327,0
29,6234.178208275578,516,13132.288382996074,0
39,6314.556585447072,670,19133.926768500445,0
61,2979.2447914046184,548,21383.257159460343,0
42,5872.19460370195,823,5845.143569010005,0
66,8050.6367433669275,420,4105.459438021909,0
44,6726.411105734096,849,10252.969426888067,0
59,5777.806036715939,356,15915.64286447324,0
45,8581.486952470654,549,13879.931999937153,0
33,5166.926699210553,685,17270.49851355941,0
32,4384.799784960968,416,10038.18077153943,0
64,5776.897448940863,842,2216.465839109991,0
68,6879.641262600873,487,5166.091343609874,0
61,2407.9706275451304,591,14823.670293293006,0
69,6012.763558282752,804,17308.768027791095,0
20,6958.621027965359,562,2466.0157594894517,0
54,5014.64507446565,530,19053.287666540207,0
68,7492.5365793447545,603,14323.162558998025,0
24,6654.135992339927,450,11647.889508603146,0
38,9354.48961331994,700,8865.884210744154,0
26,4148.914784353813,436,19955.80538414499,0
56,6995.277730892961,534,16485.032163445336,0
35,3668.8169659646715,440,14454.117259383234,0
21,2592.340387701893,597,8342.987488983177,0
42,1836.044482927829,563,20070.906134501944,1
31,6468.983240314468,708,12151.755789774046,0
67,5831.646245099385,598,13495.087285290603,0
26,4637.708096748844,475,12365.29699088774,0
43,2307.6921988906965,760,8172.247676893034,0
19,4257.304072950383,787,13598.604929584357,0
37,5507.367413815821,718,15484.692807292015,0
45,6927.704860227576,353,9791.96294933189,0
64,5470.235649554274,437,13170.383303861554,0
24,5953.7086168695005,500,12292.497121884728,0
61,4822.961714246556,525,16575.656647373315,0
25,8648.603564548877,560,10505.29364365697,0
64,3667.15064020919,775,13132.854818422038,0
52,4241.371208886771,608,14185.847006628072,0
31,4613.755466811676,440,10392.164521112161,0
34,6476.867916358103,608,7873.227161602443,0
53,3630.052378383615,761,8686.969403739477,0
67,5744.293462986398,540,14045.950182642891,0
57,5796.838258167803,430,10823.419433613688,0
21,4250.155652679916,764,10757.052707071784,0
19,6093.963029722342,487,15020.737835078668,1
23,3685.9349822726235,782,17097.457615143234,0
59,3489.266543568857,819,17958.5793667241,0
21,5679.290361738593,699,8937.494209487964,0
46,2512.439946139487,475,16613.728093988295,0
35,1639.3551354095716,718,22424.91546774326,0
43,6459.0999414342405,754,12630.350998151693,0
61,7388.145896664107,705,11633.449033720035,0
51,4659.754386353447,658,10591.195414163,1
27,4297.472826224013,692,6681.214077304994,0
53,7309.963406754207,579,16211.267482024192,0
31,3438.031207601944,809,11655.69377896868,0
48,3045.929275501915,694,11251.450889879978,0
65,6773.745562675278,659,15436.717190400825,0
32,5516.268735722153,790,15897.415254360163,0
25,7416.778130722429,369,8995.783656675922,1
31,1647.5214181996375,718,9115.17837509781,0
40,2978.7868159865866,398,8893.22179757024,0
57,5525.797707719482,839,22567.571513989722,0
38,6251.812657270816,484,19385.72993331749,0
33,7024.594757841025,378,15535.202112706344,0
62,5814.6719838558,397,10122.943809196779,0
35,5796.3792796454245,826,10715.354838409416,0
64,4799.077222545642,618,13817.186615382052,0
41,8363.628828828132,352,23045.65116608556,0
43,3514.557780153104,607,13444.385795696315,0
42,6146.23627460069,365,14544.127882339626,0
62,3721.9440977415643,443,1000.0,0
58,6462.601382449017,707,13287.894636483548,0
46,3633.3683751020208,483,5030.692666221944,0
32,6838.868257300825,650,9565.025413791958,0
62,5701.788904284131,676,12234.429608699287,0
18,8640.350511865627,482,10489.491455362962,0
42,4994.164634911146,661,8820.200396499875,0
24,6264.9390092455815,804,8864.765468338612,0
26,4096.618695170722,831,10944.75867420872,0
41,4981.792588405669,732,10726.45790764201,0
18,5690.349062999835,381,12101.362839933583,1
61,2751.004139551527,654,11727.608410781711,0
25,2948.2769184674103,618,18394.37978626543,0
41,6579.746739704161,763,1751.9967803057334,0
28,5237.043721242977,374,13224.865951252108,0
68,4432.73224051356,818,12355.048051242402,0
34,4173.42487524984,665,11329.048259204023,0
25,4242.720167697351,408,8470.947873845522,0
52,5702.591287014811,562,11251.457576607385,0
52,6301.064555409142,505,3832.462209502155,0
50,1734.2069866745965,845,13033.589461002084,0
22,8043.101302185805,663,13940.295842104479,0
59,7915.061373295586,625,8479.657534917853,0
56,1304.8214256155807,767,21703.455210592074,0
58,7454.668053381035,738,11397.778141257544,0
45,7399.393932395877,559,12220.364116466955,0
24,5500.801889537581,793,18678.908322750776,0
26,3165.0964806072225,836,22710.61734934111,0
25,7327.41056499713,776,6383.302930354115,0
29,5065.784080664767,406,9114.187605633295,1
51,6487.981918874121,534,11486.61415503551,0
50,9494.5622895312,808,8285.636551781889,0
65,5953.306151122514,403,16230.562606752526,0
40,3849.6075549065886,558,7735.085819744164,0
41,4895.684209144501,717,18333.01581773317,0
54,4078.9983515662225,778,15118.236246537366,0
52,6280.281491407341,691,17820.21593091992,0
61,4049.0783942503513,642,7757.480334108234,0
57,4648.867439770642,689,10082.527920402255,0
39,3188.0253260663203,653,16489.927738920356,0
44,5262.2433900655415,601,15582.965947502906,0
52,5818.15862794369,723,10565.706195234963,0
18,1200.0,787,11277.337678235443,0
52,5967.232410664397,653,9828.260260900726,0
54,5417.739584025797,461,11142.779877614863,0
64,4123.014492238971,715,7173.297302366408,0
31,9151.532063685772,355,6333.912733691698,0
20,7225.257749688559,767,17027.152578067115,0
18,3526.4755249274776,540,10972.97784958339,1
22,7008.826383228053,683,17756.638704403507,0
43,7740.096536837904,781,14979.924008597061,0
31,5737.637660711603,628,13560.05256303358,0
56,6150.595666505185,731,8448.891297974416,0
44,6109.024000458864,689,5946.10113000998,0
26,1745.5314539380802,362,9715.456406364268,1
32,5163.634725669282,652,19659.587037117755,0
32,5069.956884428749,393,16444.784314335833,1
43,8074.280145807781,454,9247.930064176348,0
59,6100.710154411371,509,9772.198846312293,0
30,4964.30026818995,503,7354.552597047557,0
68,5337.77546621618,591,4264.571937329014,0
49,7342.094046929322,530,12508.000066522636,0
56,5167.747606158432,363,20625.38704858197,0
66,4243.248040435104,529,20688.16350054442,1
69,5003.736052742441,726,15039.519798893016,0
49,7193.253058880828,641,8986.637797754367,0
21,6393.096830076285,613,4752.598954680629,0
47,5579.682352028405,517,17235.31092821356,0
54,5844.770739000694,563,14236.08400778551,1
40,4492.463547528132,499,10418.859133447386,0
56,5150.891079203224,365,9583.539488438637,0
62,4306.052220805869,440,15002.182888129211,0
32,4969.397288260461,469,7866.892410764263,0
60,7923.120874527925,793,13196.16083450021,0
46,3559.830739521058,602,5900.891266195783,0
53,4260.3082004387525,409,23142.55793219114,0
30,3242.2620467156466,615,8564.763071958525,0
49,2852.364237062323,758,15241.99478137233,0
24,5163.810554448475,380,6009.891768325233,1
68,4388.303472758584,370,11183.734204503082,0
39,8671.040075425946,568,16423.092783817105,0
45,4990.876216879972,430,17504.776903120044,0
19,7820.914354174043,638,15816.441315514588,0
59,7242.411654893141,380,11308.778353384698,0
62,5123.882520596775,847,8670.245019472364,0
23,9298.24404775412,583,6611.614407404304,0
45,5983.361175636655,823,19518.99293885563,0
45,8223.41667880718,754,12516.85619994313,0
61,8013.874404846275,385,13441.196135442828,0
61,6246.366373188609,798,17826.84926883054,0
37,6852.035526050531,481,14933.65641777518,0
47,6623.3285472150565,673,11362.913734511836,0
28,3440.3294234949253,695,15722.017241902566,1
45,5603.122638015429,481,8887.268257441398,0
42,7433.6450211003885,846,4244.292612591691,0
56,8247.135371250992,358,19059.21121008925,1
50,4202.848590702491,379,9303.982601331105,0
18,6451.8963432634355,464,10478.550186413244,0
44,5771.566383899562,650,10919.58287436905,0
69,5287.826683753128,353,8988.973201411947,1
30,6140.804732605047,674,17506.669307542994,1
58,5892.395339199047,586,13872.280967709805,0
20,6474.5336239706585,372,10481.065501012668,1
56,8095.090169710094,365,5621.655594825278,0
23,6911.429663556461,371,13518.989076803771,0
25,6059.064265970865,834,1000.0,0
44,8856.325102281542,421,13163.730142847231,0
26,7497.873272584605,653,18715.90222427699,0
54,5333.682810513973,795,12322.79204774527,0
50,3309.1832757647708,830,18031.63651863015,0
68,3721.904774343162,793,5854.112138811231,0
59,7179.818406968141,579,22192.70697644413,0
61,4365.437537344634,456,17486.42719270841,0
41,3685.500141198493,557,14379.829310891117,0
32,4135.446411963041,738,9008.02772554868,0
49,4262.70823823674,557,8177.389482527253,0
49,7031.165802008052,612,11645.462858023106,0
41,5217.864263591903,400,18013.891146627822,0
58,3029.7257194610697,414,5422.3958456416185,1
69,5555.880815972242,614,12052.05254970849,0
66,5900.079038406835,687,15671.10135831892,0
66,4637.193649406467,650,16646.744086337767,0
69,7580.59315154686,727,15656.182505308496,0
29,4742.310005753888,524,4912.032370656439,0
56,7495.007835946871,800,17658.889422604763,0
19,6574.209003414958,501,12335.968280478486,0
20,7167.8899144799325,825,6572.024220135248,0
66,3522.608486548489,615,11879.158963298067,0
54,5676.958346028585,678,2206.674283438553,0
66,5404.909591765416,810,14891.490115051343,0
34,2940.3882551664406,653,11361.452667309748,0
66,7489.109313645236,512,5649.421718770846,0
19,4028.67838556677,787,10549.616968287228,0
19,4402.777908095231,692,8462.673904782618,1
45,3676.031495924093,716,8782.080905253959,0
40,6762.135386926671,814,1000.0,0
54,2753.326506209328,587,3639.1828998266537,0
49,6612.174640836222,548,10851.505043214594,0
50,7380.1251752382295,849,9991.247024943197,0
18,6466.921169726369,365,16869.89080906864,0
36,6782.731270923572,658,8841.085106647606,0
19,6867.183645240477,645,9365.093401743652,0
61,3791.0362118936246,705,9598.800420866799,0
43,8082.522963395819,625,11014.851371004526,0
49,4671.862742559702,821,12457.320335119837,0
23,5380.502288338051,588,9968.361945843702,0
49,4901.252826968273,418,14856.107437297876,0
21,6384.775817579157,650,23501.10486814296,0
28,4531.5329623526395,355,7872.780525778826,0
34,5620.448303627263,569,13959.15005086398,0
55,3276.3811291371912,603,12147.631231406616,0
41,7596.3973753028295,802,17235.172662233756,0
22,6707.333702710366,782,13014.999514528994,0
69,4973.932428576815,644,8367.74404812321,0
51,4655.531745953542,707,6174.731263241629,0
23,6660.330843371854,735,15052.448020460977,0
39,4226.871914855268,456,6580.99002364891,0
28,5725.657568377304,644,17918.7024308405,0
65,7590.517817376531,467,14765.963438620944,0
33,4039.7371855530537,754,12433.545750725509,0
50,6163.481492416366,517,5438.724836202631,0
26,6068.305480483886,834,15376.615715563692,0
23,5324.793726407171,600,20083.830374068537,0
33,4593.178748612914,431,9874.525959657281,0
46,7686.634702409893,403,8290.463313363847,0
20,4424.376455619461,589,11539.87103835887,0
37,2238.329977966684,715,14334.711359659404,0
53,6652.960464935861,361,9343.903935001355,0
36,3337.6539704178986,558,16495.99072995004,1
43,6745.386060739157,514,21553.58987135182,0
20,7902.8258461181995,715,13651.229417589668,0
36,6633.549781117614,643,10375.06948490837,0
37,7428.540343397484,748,14200.018874244563,0
49,9136.088392473364,356,17886.497815005532,0
24,7240.168832696104,427,12798.183142760083,0
69,6095.032106725785,783,14425.475155516006,0
58,8441.106730342566,414,15523.830943711464,0
50,8658.595980723852,451,7622.770720729517,0
57,8683.789209866956,800,14295.606707048042,0
56,4614.141672647195,706,5290.255979121004,0
35,3062.7669547028727,649,8707.8443095145,0
57,4504.254069817204,636,17728.31200643147,0
18,6766.554908427715,520,16355.17617655383,0
28,5786.48610159779,426,10649.099948837955,0
45,5128.334226681675,397,20528.967167228657,1
42,6508.866517848884,604,5449.049597999538,0
67,2852.550852988119,431,10974.56153521533,0
40,5754.104737644774,732,13375.521446562147,0
48,7513.223760726179,558,1000.0,0
47,6488.7681602048115,558,11211.687127619522,0
59,6745.257679300712,794,6377.508833858439,0
52,8375.271021914527,808,6491.3146856744315,0
24,5380.9420872273995,433,10638.85057815071,0
33,4324.435009569394,359,2871.7081484948467,0
43,7641.1270767970755,378,7960.201082202288,0
65,7608.017135861069,653,2988.58821997387,0
69,6504.925014560435,831,12618.935233891518,0
66,5211.332198951593,814,12521.736159005908,0
19,5502.483371814373,795,10257.260142703079,0
18,3201.808686164044,465,16982.2258193,0
65,7503.303754372965,839,10519.187074529675,0
29,7439.772357152458,618,11884.59747131361,0
22,3138.971049159789,777,7469.996234596929,0
54,7061.737751031044,396,1000.0,0
49,6227.382979016215,708,11273.301436782886,0
26,3660.4466012965668,797,10620.258698228688,0
58,3329.199638069555,440,20549.543407038538,0
52,6172.2878849231,402,15337.230119916096,0
36,4784.132594967547,567,9934.394402618494,0
65,8775.907930989408,697,12708.315123696379,0
33,7214.677110368031,426,16535.08981834827,0
20,6352.647646118009,553,14583.775134949332,0
37,6441.54220720431,393,20344.529171653918,1
41,7895.560924660902,505,8053.017903898912,0
50,7023.732565109208,351,16875.171034768755,0
41,6399.57958929284,706,9885.638323329476,0
69,3735.529882664482,662,12968.082473834935,0
28,11011.504537731194,406,9211.61502613414,0
66,3514.2710368451803,639,11289.959134931365,0
25,4937.423073219704,820,13057.810301394777,0
53,2521.4891024620047,407,14966.267821389047,0
55,6469.836685784672,603,12306.785706886621,0
57,5771.998787112653,529,1000.0,0
37,6877.497589056567,842,11615.256208502195,0
52,2369.681864012019,506,19352.00381160076,0
65,7503.230201285677,384,11575.64101765311,0
42,4046.616277354694,424,19492.40920063357,0
52,5231.790641145042,781,11399.016278665225,0
42,7176.828283625916,638,4140.092896001939,0
46,5970.280031437419,720,9835.225769676204,0
35,6097.496602000355,424,9207.831572915073,0
63,6938.521875829719,678,10852.33468832589,0
35,6271.823151889704,427,6073.40778798871,0
19,4886.005775412309,604,11955.89266548423,0
52,5200.355569176588,614,10358.70079666581,0
33,5881.381621573281,836,18439.309286892956,0
58,3887.9990316165977,653,5948.8143904416265,0
53,7292.8155868996055,416,13228.34343317324,0
50,6019.5770754534715,570,14055.140613087211,0
21,5634.597282259543,816,15874.904445038075,0
50,7646.493806256647,513,10182.060615907856,0
31,5283.795442219534,829,13104.004972962683,0
38,5171.6422051256495,804,13766.39062723141,0
65,4627.668224792864,724,3758.180997528263,0
37,6117.520616066683,569,10361.497042722673,0
25,6055.210194996726,521,11836.674680665054,0
24,4300.688439082168,603,12422.891100587281,0
20,5180.150841195879,559,12361.694961477368,0
34,4312.715916665381,537,14187.606461539825,0
50,4231.236783132117,540,21688.02463497081,0
65,2386.1839028916756,738,9022.857131275068,0
29,5084.3615433732,564,13905.858862766207,0
68,2436.0161210559795,724,18506.51592999689,0
39,4666.9317645888805,435,3006.8069001936165,0
39,4397.149637420305,823,13340.655398820552,0
63,7393.411103078088,455,3598.1034675414357,0
47,3673.117348642645,681,22927.888702312677,0
55,4129.864507333944,645,14610.253671489407,1
55,4813.25654945517,368,13935.4532890218,0
62,4455.741427295003,396,2633.129854647488,0
68,7964.6586353593775,414,9477.540902719036,0
25,3450.578728510685,800,9501.019707126135,0
44,4817.071901825484,824,20832.277769593944,0
44,6097.717448495931,495,15646.006184278827,0
51,7086.1300174756125,783,3735.366512918885,0
38,4815.565199325634,635,14347.511261759833,0
47,2047.4207190931734,731,4485.478582138825,0
50,5229.812401146091,415,3853.3339617785414,1
45,7933.651257125287,354,14267.110418467882,0
64,6007.937333374769,442,15723.845654932207,0
50,5925.552152247878,702,14293.767950161184,0
22,3586.567615161406,775,21397.912910406583,0
65,3401.7911374804034,817,13843.762681638558,0
36,5532.474967541379,443,12850.47104386535,0
21,2932.517939893466,455,5919.952808291248,0
52,6906.452000252519,482,16288.068393263744,0
66,3976.036752040548,783,3742.7787481790474,0
34,5455.616894683311,690,22101.845369089584,0
61,2105.6195462423643,663,16353.989711299397,0
45,4791.156636801688,428,25948.98676647198,1
47,3365.4510151656345,561,13946.640542873029,0
46,1320.478448784741,357,16600.830305453346,0
63,6475.315760805372,846,10614.144450086642,0
23,8454.087170364832,508,11783.602060559331,0
52,7533.0524608191035,617,6742.3304558834725,0
58,6727.043241826848,498,4761.4567571616535,0
54,4754.581897698018,699,12947.4890345666,0
41,6950.602411386087,795,11754.087469130842,0
46,7702.9357574327105,440,6620.131419507542,0
66,5746.279293408328,585,7506.341288391765,0
63,3368.1516898383593,823,12162.349953539879,0
48,4601.108262535532,638,6534.391251092085,0
52,8564.853679026284,759,13783.225397375703,0
50,5365.460497329701,823,6689.554164398798,0
69,1200.0,705,13279.272399630741,0
38,2855.9377653936517,517,6246.439439699432,0
49,4735.992334343533,542,6267.422115873801,0
40,7364.485429151623,536,1000.0,0
50,5008.379765667559,620,11198.60505007945,0
20,7397.976978951869,463,19270.323836517455,0
35,4552.907763614519,734,18986.65406958133,0
42,1964.2734599758965,360,13620.337517304568,0
59,4615.189914523447,404,1994.9275880322857,0
48,6120.901002783313,607,16219.375966169622,0
20,5971.510628814363,414,13128.331367604736,0
57,3240.806051338056,828,9967.484201543302,0
63,4867.846836753222,521,18036.830639568303,0
41,10332.413628515333,621,15077.223434042571,0
67,3280.116112665622,499,21807.745213929444,1
49,6689.302110034748,711,4971.805830259828,0
64,1725.983742574368,495,5362.84846382675,0
39,7054.825284225391,780,6205.102746337707,0
40,3893.814297660796,558,10574.89244654378,0
19,6223.758864765292,635,19940.861273982053,0
44,3175.2539168172375,359,8882.037373231144,0
59,6023.535040318073,576,8988.97909720883,0
19,3864.4294676654117,535,14086.45966757311,0
43,4212.913270660074,411,16215.777238972521,0
34,6295.5748115110555,434,1000.0,0
57,4725.306142485371,813,17198.57438094292,0
50,6184.686606789361,483,8723.918470325145,0
26,5156.485626441969,672,11487.876430199363,0
60,5621.488626245095,646,19091.320663687686,0
65,6301.155648436123,520,10917.782003527635,0
56,4869.966781735946,562,4340.64739907046,0
46,3707.1103851968064,810,4630.4734953452735,0
59,4541.837921326378,367,11854.4405943532,0
43,7651.250523700184,663,10328.17632417623,0
52,5709.111551337789,409,12297.365870847672,0
67,3979.1827838611475,437,9993.61009485181,1
42,6222.809095097893,376,18207.13425142436,0
41,6342.968052890449,417,12123.83619907535,0
30,6435.998336436059,627,3185.1117148698067,0
24,3739.893039331686,757,16082.664959317039,0
53,4271.696210285389,389,21531.354720800893,1
62,4281.707410503379,458,12774.654905940975,0
37,4850.833758280854,423,13162.751817201624,0
18,6470.054533258723,415,8100.574939686458,0
25,6033.132648515824,517,10787.74630271451,0
63,6175.390522882893,611,14514.350047466254,0
33,7937.234456268741,717,17658.950329894626,0
31,6740.0036784849335,623,14230.001394652025,0
29,5244.757075007043,686,21090.204392694875,0
68,3369.006683105501,707,12492.351570255425,0
40,4213.815384752434,586,6391.5224824073475,0
32,5028.9308781791915,564,6534.72304605611,0
45,6992.433689205005,715,18172.058659388513,0
51,5450.802518609032,635,17035.509873105493,1
19,4318.847281200802,727,3776.9796582655763,0
49,4180.792805690993,498,10952.459047820515,0
40,5374.759223941793,667,11134.03095688744,0
39,7101.97761199078,743,8242.335708510702,0
68,8363.83475039521,725,4948.134727757303,0
42,5129.616523546598,456,8131.979172008603,0
39,5419.4622746273235,490,7233.257193425217,0
39,3314.9049289167106,425,5067.65767888438,0
66,8990.54662437904,358,16145.326600828867,0
69,2978.194891319049,545,13414.732853712041,0
59,7608.992161204991,644,9679.386692940236,0
23,4842.395284577553,629,1647.1574408484921,0
32,4421.140311087425,730,10504.619453325899,0
60,3501.993570605332,467,14605.27812290278,0
54,9838.08756893284,639,8319.78010615515,0
50,5898.68492190111,836,6250.171096934443,0
25,5538.304786787314,410,11384.889913496623,0
61,7096.1182471981765,774,13675.344140432251,0
61,4328.501093866066,738,2000.345671139925,0
22,5503.322719415811,684,18770.045689432758,0
56,5601.4053162618175,655,5754.364713815942,0
21,4578.13768177336,737,9886.086396764407,0
23,7659.348542534645,400,17906.35516101225,1
62,5106.422059307372,401,12626.795278089457,0
49,2704.362303936107,471,17480.45717079971,0
69,4957.304745662427,516,19768.394802228468,0
47,5948.521609085015,357,4701.619824211576,1
64,3891.7121790023048,718,16510.21952691432,1
52,4033.72937229321,394,18627.434270924063,1
57,4516.733731373127,693,10120.97226086608,0
69,7698.224188120529,594,10518.929867248877,0
33,4623.115559237729,633,2434.7809227264333,0
30,8072.410633391855,724,15905.397258748668,1
67,4393.089211332996,456,1000.0,0
59,6085.0254452617755,376,16844.039070316834,0
47,4696.763186404448,542,4911.652993171499,0
36,6857.349706522849,767,18953.443507977216,0
34,3487.106521782497,686,13981.36717512171,0
36,6837.1470632390165,706,17044.838488078458,0
45,5704.964920557431,411,7936.115145847398,0
43,4348.014729800591,411,5332.732024036268,0
54,5200.801327521729,771,3181.8891808835433,0
43,8260.938893857914,631,17456.015061129372,0
40,5748.120108785411,470,15314.7003453194,0
26,4235.08957135725,629,15492.06523037135,1
29,3331.552090909397,388,13457.211855394202,0
18,6409.727692175795,729,14719.357912941965,0
18,5852.521444619234,626,10541.674757166023,0
64,6751.037251158802,443,13851.503169222144,0
51,2867.995468558284,780,7715.815302401048,0
49,3389.9311847953,464,10286.334505636562,0
65,7564.3825586534185,525,27216.64747749702,0
42,6096.414964202813,470,12194.60673466317,0
57,6460.121532227611,362,2141.8956857191824,0
62,3767.163342205684,834,9957.04997198025,0
18,3734.2230430079467,736,6712.388095532654,0
33,7284.265584745759,765,12796.092573579415,0
56,7369.079778577268,512,7553.204435881681,0
22,3541.0249233477034,624,10940.843117219529,0
39,3197.133107464879,747,8300.799918642542,0
46,5304.5326527176,525,12985.920590985084,0
20,4061.172783923189,819,8863.005871084322,0
29,4023.681617717154,686,13784.400362495186,0
43,3247.5191564306933,728,21742.907295243604,0
33,4656.81907309534,673,6227.938917185119,0
68,3421.549463260841,522,15619.276068092347,1
54,3528.278374583374,837,1000.0,0
39,6037.105323819348,624,10836.14281342189,0
46,5400.643178282722,413,13144.523879752873,0
31,6372.781626757837,450,8259.93658080799,0
45,2531.7398163712487,671,3063.0358849682525,0
22,5517.785097693573,812,11809.801106150651,0
64,9236.147575898509,415,19660.57698243143,0
66,4829.909528285922,680,11267.75321658313,0
47,6984.548211830136,394,14792.86861966804,0
63,6968.812327793962,436,17634.403208806816,0
69,7057.357494402296,807,24357.37272752969,0
22,5799.991036703181,416,6738.561818465877,0
29,6518.954768939586,802,7254.446802236675,0
33,6758.22451602341,608,10538.827311910774,0
43,6643.802850965843,771,15077.18319177158,0
43,3488.647287675887,554,1000.0,0
65,2426.7079314208236,775,15268.794640003618,0
38,2703.549621853347,816,12741.320270240461,0
56,5013.712013711205,773,9330.278219991927,0
53,6569.0681219607595,527,14127.549748926433,0
50,3512.059700479148,768,16448.246161821808,0
47,7163.146825451927,629,17140.108879440664,0
54,4595.904685885805,693,12073.816905265778,0
40,4613.040619850658,366,13630.16498104493,1
27,3995.0074074167196,645,13441.609095912028,0
22,2107.3845537707075,551,18155.986403232644,0
53,5912.765431182364,799,13906.081073049136,0
51,8582.801883109423,521,15226.1164126145,0
69,5387.203857641386,756,16463.30274731844,0
48,2168.8630449492657,611,21792.820334785305,0
27,6904.6170609096025,543,9070.925701653421,0
36,2575.3636178146194,498,20128.543469236116,1
49,3323.738085419466,724,24355.498897904887,0
18,5070.991289835572,725,9389.786171295033,0
22,5721.118189372356,384,10916.049280415911,0
62,3684.4047978997087,718,9857.745194554143,0
21,5000.831098181235,378,15284.442035945318,0
33,6787.292321369232,612,2691.616819570274,0
41,7033.921992654433,570,9502.509382524131,0
33,7752.621559265676,402,10631.789114537612,0
19,8936.953574128289,770,10194.52821732067,0
66,6957.80077899001,628,10144.187647397337,0
45,5109.874274072367,702,9553.702108641235,0
49,7046.76482402135,741,15886.928332430005,0
44,6340.089221209328,425,14691.221094501476,1
37,6411.4605595472585,843,20517.004725243936,0
41,5818.993813129034,525,15899.666792829623,0
29,3858.302616122968,359,6512.054444474128,0
67,3649.4264659205255,812,11149.814652353925,0
52,5325.187238064744,466,10618.840858144222,0
50,5768.03813652347,629,13276.191192148834,0
50,4277.006338722917,567,17466.24819788689,0
68,6262.0155074954355,524,12929.175291643862,0
60,9245.37862727054,583,12942.459114831841,0
54,2360.2047052991365,786,12050.209416248395,0
29,6548.040059614769,601,16052.91995039638,0
20,5381.245682396541,644,9155.474155220565,0
18,6311.179999602378,800,4714.951104571453,0
50,4724.7135391714755,671,15222.894881056154,0
57,5237.092206915099,355,13875.835740877365,0
27,5733.100811814578,370,18617.0913757399,0
60,4957.059009636531,422,1000.0,0
61,2763.025628734182,679,11498.253000726061,0
46,5078.952944839984,385,12533.567764145879,1
30,2950.419469246851,736,4445.6102079202865,0
29,6675.747599044557,582,11567.01823539832,0
48,2142.01881805938,565,17934.613341177184,1
63,7351.577883020602,819,22430.57353866048,0
19,6273.213400366263,846,16912.034496793312,0
68,6280.099508321011,555,10377.6430941995,0
67,1604.2422378738888,775,18307.575902356264,0
52,4908.5210114351985,778,16557.013080496814,0
40,7576.414171587749,393,9578.047159285801,0
34,4566.505637745469,440,9091.019903498302,0
43,3559.488130065314,766,11157.489797357255,0
25,4353.993828989718,665,6745.754877415606,0
46,5377.100279249192,819,10446.040444723043,0
43,3967.53318943694,442,14433.764607816007,0
27,7720.871017760728,816,17192.536330856303,0
43,5383.598446017294,688,10105.73949660505,0
51,4499.975173693729,803,18942.10434290202,0
68,3157.581651695957,842,15250.527334177548,0
58,6372.003889502088,432,15478.265094631857,0
24,6330.999330480454,682,7404.941230044594,0
21,4074.0239688675547,631,21038.801103867838,0
67,1474.6077490345388,819,14766.822260107952,0
62,6239.371941236592,370,10336.663185518313,0
28,5163.753895730196,577,9454.413811283104,0
46,6104.928102266204,725,10447.739286500886,0
53,9022.914160551349,479,6908.312275611331,0
42,5451.702681323693,524,16941.502721747464,0
38,4575.090489683011,457,7420.389548647965,0
53,3434.8204582329877,763,13449.12419437429,0
27,4937.6407753089115,632,9750.413768993076,0
54,5789.039229308154,420,15353.982344591734,0
26,5595.9533570777685,753,16033.524081309573,0
41,8602.237612120785,399,8780.474687904389,0
52,6398.354017838697,444,11830.63167121009,0
66,5257.3584312870225,628,4783.042692027975,0
52,4228.190958099749,746,20502.715876569073,0
65,5980.010974809977,686,17340.01553464921,0
53,3867.3853149112133,481,5022.305501512259,0
35,5823.695943168232,747,7665.478973256598,0
66,6377.345068428718,625,11325.908399008298,0
56,5110.385999011394,729,12193.80360030741,0
49,4365.484400682745,362,8569.743497367253,0
41,1566.4656747971694,352,6275.360011473633,0
40,7558.906107556703,823,13975.156554330779,0
49,6225.940702441507,823,20697.422352593443,0
54,6269.711106852608,815,12273.327092023066,0
29,2689.5657956008604,573,10541.438979094391,0
66,7983.709659532103,811,10015.802934970667,0
30,4662.609640087456,524,6516.381746780793,0
40,4980.168455140925,736,8640.076242546618,0
42,3575.283660246115,734,17680.555401818314,1
52,2283.497683588273,439,1645.7499603360484,0
58,7583.22336110242,757,12350.51661823651,0
47,7815.875264915724,590,12139.773334296779,0
34,5202.049327564011,384,12591.996667448222,1
66,4277.107774348569,363,15637.088542117592,0
37,4821.320495558335,544,12305.806317844872,0
65,4870.693017936011,746,9730.202838394925,0
42,3340.2525000767228,780,8716.886209056078,0
39,4973.940612201088,655,18491.71881574116,0
30,5775.583587281786,683,17205.25988777902,0
36,7332.683045767753,562,26388.187598056455,1
66,5525.639495224682,759,10595.057856587004,0
53,2662.5669239810154,352,8808.93496347684,1
29,6136.386153757618,528,14265.834481502505,0
58,5039.324988994444,389,14145.082459315274,0
36,7966.73744917096,801,15181.775394413915,0
29,8073.024043679214,513,16235.654386781822,0
26,8136.017762081139,656,15133.368060516703,0
24,4489.141716328097,584,17375.15802991602,0
45,9081.739132007602,606,18040.026552927433,0
31,6131.696508812272,709,18129.223582657294,0
48,8427.48473020354,844,1000.0,0
69,4595.284695102832,766,13161.9045128547,0
36,4962.525872302673,740,7383.949057277272,0
64,5993.249234809754,722,17277.238828510162,0
33,5773.379697305091,465,1000.0,0
22,7758.661498244505,401,19346.126388666213,1
52,5082.1672266127825,725,7676.501428161738,0
29,7596.306982558642,744,6530.681800092332,0
42,6818.022112838777,760,13781.246603487876,0
69,5115.894006507133,491,10133.646213345737,0
38,6678.417911468164,435,20896.946538021213,0
53,4648.122915700512,813,18815.16573563798,0
40,9730.370440010298,395,9445.826487609618,0
33,1200.0,681,17212.424801029018,0
56,6711.297768091071,846,9273.565498486238,0
62,2323.727363301315,587,9230.426872919941,0
59,5093.817934207476,359,15570.923790314644,0
56,5345.905438951757,501,19279.205452345763,0
31,8213.740406044632,410,9794.637410939253,0
48,4254.126018261597,843,10175.356132489285,0
22,7854.4214481912,367,13506.023595458606,0
52,3378.130047595366,435,7530.04762765201,1
40,7924.005502758759,486,19827.051949131263,0
46,4646.178204573749,750,7482.2369571918225,0
60,5632.182134634014,579,8834.031172320023,0
28,4894.518406401273,477,20836.195355197684,0
35,7808.254253408087,453,13072.942144442512,0
64,7457.931717820746,535,21717.917144098028,0
29,6298.303097052145,746,10903.612396577668,0
26,3426.6369077438067,527,24597.59409936178,0
27,4212.960637545563,706,15078.24990248074,0
61,3648.5622540889744,355,8237.820236940419,0
34,1453.342803774106,690,8160.811906626543,0
55,7770.372583330083,656,4713.960445994557,0
24,4909.917652583145,385,5260.925269952972,0
63,4890.710864273865,676,8702.342077753192,0
30,8192.984020166008,705,7042.007802084408,0
57,4643.220515704538,630,1000.0,0
59,3987.1523157653246,744,16207.604959404656,0
26,5095.457883073028,649,15876.688604530269,0
67,3461.1957066215864,363,13541.884384878918,1
44,6119.840384718322,586,6325.167915236214,0
19,4827.408259124493,634,20233.960543776564,0
22,4586.911460931137,679,11109.159548517138,0
46,4430.974290363456,399,7833.835972576181,0
54,5308.801311084379,845,13162.930661716624,0
55,5650.266025935732,610,12876.195857743543,0
36,4564.044840866461,805,1000.0,0
25,4854.221315028736,459,11845.273125730546,0
65,5353.258911725172,546,12602.695127348534,0
62,5171.6473560288305,727,10106.294129779251,0
18,5555.936740375025,601,5392.725695094087,0
39,4281.992554153575,437,5540.026958305661,1
69,7308.267236427682,837,14570.327154094897,0
34,5674.290719337131,662,15808.004914700969,0
24,4593.075844915221,375,9759.952525513845,0
42,6119.891591281363,611,13911.588660213778,0
62,5366.136522126314,493,9710.408724530771,0
21,2379.1125619293975,409,7733.804986284332,1
53,6113.714842398927,705,13072.48443044328,0
23,3664.888835708463,617,6254.524988732405,0
48,7181.970009816353,424,21468.920449160243,1
36,5064.850649991796,352,4812.43143584314,0
61,6904.126535303914,412,13419.136821146312,0
56,4365.606604244307,585,12751.196662798246,1
44,5625.872680853152,797,12307.378403611836,0
27,7678.438300912378,795,19416.966980117148,0
43,5015.770216453319,578,1000.0,0
36,4436.529222275551,739,14058.660527444541,0
56,6679.073104807221,624,10633.112513111495,0
20,6644.190874151729,367,14919.878977569366,0
62,4512.251559853326,429,12273.411379091296,0
30,1926.170163248028,564,11624.898101267658,0
67,4401.9586405029595,520,5963.426671391425,0
45,6719.2471390355595,834,8634.312497947212,0
37,4104.9384590372965,678,27657.549409763724,0
45,5480.311893370848,604,14965.51047971347,1
25,4316.527111660581,736,17262.96587186023,0
58,2022.0991074531107,475,10240.515881884216,0
56,4284.13388132813,604,7721.953157117203,0
18,6711.6376372414825,421,15882.138872239928,0
20,1233.545535881538,387,2481.408654261246,0
30,5953.901230856036,673,8746.307503109738,0
45,3365.075383481056,553,10227.122726313495,0
66,6595.195725053546,521,16724.94551684327,0
42,6785.774084572576,572,14068.563568106547,0
50,5190.493717159703,566,9635.501356836954,0
55,5194.5973141938,594,13844.865060511725,0
23,4048.5471451546573,685,10484.24080511662,0
61,3077.9498798110612,540,17350.18879467162,1
62,8556.56723140072,647,13180.783610385413,0
49,3942.87143109197,669,20682.214023831468,1
62,8322.03303615365,531,10611.028363347801,0
64,3952.8999283596813,683,18126.976164298365,0
38,6445.342702607911,732,12452.069968475942,0
33,3451.9471126234575,554,8513.781745538337,0
38,6442.111030423627,710,25007.872577420094,0
28,4913.9427571243805,548,18548.544121816703,0
54,4937.470910783793,681,13171.616465899571,0
53,6598.041705612011,514,15829.98174905198,0
52,4655.545542857623,591,6589.906508485039,1
36,2929.3327081988245,737,6765.942436744557,0
37,6870.350014137015,479,17570.45143413773,0
35,3437.378938031809,576,12023.986893750602,0
64,6429.731111916238,471,11220.91222399393,0
58,7251.393781599401,393,10560.311525196714,0
66,4824.111004566009,800,12760.337177345566,0
31,7628.235119365211,545,10728.752942243538,0
32,6367.210674150311,707,1839.2961156428682,0
48,4247.449443739404,553,19079.37633414151,0
18,8022.572204078935,816,11447.19819080607,0
20,3444.9907208690975,807,21157.64314819014,0
33,4821.939226173582,667,3189.018619128685,0
40,5128.633353485208,606,3169.403387014956,0
28,6589.40266183286,366,10622.932322413806,0
29,7507.779935286042,621,16887.636592698156,0
27,7395.024802424885,358,5901.663892362784,0
49,5902.746975233751,598,5707.609723372949,0
33,4995.51561196558,786,13859.76169355203,0
25,2213.2283650702657,550,10435.631666906407,0
55,3134.5374619806103,408,14720.399555476224,1
29,8679.979880724584,724,10525.250983762997,0
41,2195.0704224954293,742,13925.686414024916,0
45,4087.9168421642025,489,18830.666194733676,0
25,7560.291307690161,468,5912.266041220019,0
45,5877.4839385552605,390,17923.93506908063,1
53,7170.481127810246,748,3479.262656633393,0
43,6477.091032287218,671,15046.682869183076,0
25,8145.248567249595,680,19096.345846815202,0
67,6031.769115816793,616,9379.65988173635,0
45,6694.20591247272,357,15222.775570958473,0
45,4196.356242294987,532,9564.534215252294,0
54,6555.399356040646,829,14926.905670634875,0
58,4786.973023619388,483,1000.0,0
53,4684.4094376347175,530,12810.783320437073,0
44,7110.502326364847,753,13976.954819217319,0
34,7122.922076906855,772,18723.40975536555,0
26,8539.195880343037,704,16626.277706399072,0
50,8421.873733875162,421,11193.819738012473,0
37,7151.1672904457955,847,13340.323989743207,0
30,2403.1979015739175,462,4769.417875468537,0
45,8789.825769309453,456,20220.374690200842,0
65,7152.341807199452,639,15455.796991610354,0
46,4121.4518378446555,662,2695.4961539461965,0
30,6812.036480013008,466,13229.93524064077,0
63,3632.9216662670888,469,13611.70222238982,0
52,6613.534216197535,496,8130.280520685699,0
23,3130.7139260666213,676,12484.32767813089,0
35,4045.206864184054,764,7627.59900842641,0
68,6777.872432560948,559,4977.012136467084,0
22,7431.196137387209,645,8933.265086879734,0
64,6085.786346980859,747,12857.95129569642,0
42,4984.896453961653,452,16641.65866688117,0
19,1693.2406689694171,473,12349.092254357593,1
27,5123.762020627552,594,16690.456844698543,0
47,6460.27313828415,728,15243.515388520256,0
67,4929.822809315835,705,6823.00977081071,0
62,5459.359706030047,558,15205.515185209486,0
22,5165.888557747742,770,15343.717013106974,0
50,4920.928807921419,777,20709.005237184803,1
18,5636.5793019276625,742,14053.271806678258,0
35,5009.1497521255715,663,5826.629760937334,0
49,8097.921196537496,753,9229.596018298871,0
64,1528.4460729092812,458,2737.2143262026966,0
66,4517.483345252061,726,14552.387594028998,0
28,3933.5387976689944,697,20269.83770389021,0
38,5894.399080061938,399,1000.0,0
43,5638.860614589627,753,20481.151712617873,0
42,8419.947582788973,454,14486.187515196774,0
39,9012.05568693603,769,6617.091729213934,0
44,4108.449779973134,722,13283.473197462754,0
66,5500.900117060533,376,6778.36161317838,0
30,5853.34795046384,805,14202.098827913818,0
50,4063.9352529927955,637,12316.80525054275,0
51,6631.087664867721,606,13646.71784690736,0
58,5068.886736223099,622,7405.3034140677855,0
52,3578.25726891824,486,8133.3969669274065,0
18,4996.7770523202225,689,14509.107064194857,0
38,3704.185769066832,650,9486.368530336673,0
65,7365.964292954661,829,12745.089040858278,0
23,8922.806659204605,671,14264.917648535416,0
45,5940.674873010171,381,10888.22071097747,0
34,5700.298182495896,394,17775.505891858742,0
22,5774.382580373534,614,11072.247584926312,1
48,7628.021252088967,379,10922.12256464165,0
22,7589.2582064749295,433,8841.474122935831,0
55,5291.823576613185,515,17199.91012639158,0
20,5954.661869282364,665,8463.95879987834,0
40,6674.7635329187415,350,18272.450970767844,1
54,3452.1625782086785,598,12815.563556827052,0
54,7682.694827356821,610,25410.474068248448,0
27,8622.69740420901,412,8697.700632187458,0
27,7597.057788711023,832,18375.9695224722,0
36,3257.930959093801,513,14551.209897945748,1
34,1953.9991802460268,670,9431.228939083705,0
38,6775.693612332277,683,14618.398280152618,0
31,4131.658991868245,550,14374.770077152674,0
26,6016.840037421374,571,10340.306874072056,1
63,8263.267696013587,501,14141.404395037556,0
18,4317.480682482862,481,17817.20796407103,0
68,4820.401618463872,463,14556.770803629992,0
62,5998.101350658969,811,9904.074151367984,0
30,3164.482648031985,566,9622.488071621787,0
21,4135.858847189423,545,11562.95065879234,0
18,5544.743506752285,630,17562.310072910816,0
66,4959.181236128047,551,8231.054547018866,0
57,6595.133956838607,832,13960.655871570722,0
49,10478.76330599068,484,4187.662191874997,0
51,5678.449010952624,583,14973.057537648136,0
45,3984.9184971315835,490,15758.854489854033,0
48,8052.832638563616,545,22138.10748124536,0
25,2640.126744423602,847,16626.465268581393,0
56,2999.9652921476068,392,9993.995371948291,0
43,4428.813810434098,406,4327.103513095941,0
51,4990.803903064674,769,14570.982429940052,0
20,4385.669074269024,491,10363.888483024522,0
67,5443.277816038559,559,13670.51198862119,0
29,5994.535424943421,421,8399.074598954192,0
18,7424.127163495248,573,11134.018891764652,0
61,5664.138892918808,376,3500.0734898038027,0
22,4488.496754148818,477,6768.969514618463,0
47,7326.361695590941,455,6063.648871691652,0
47,4028.1121436857647,514,16363.949196410775,0
34,2561.3150577628185,564,7863.678813623934,0
65,7670.720832228176,420,18889.65037987357,0
64,7555.335840659749,553,7912.780593504807,0
40,4073.862894032609,502,22479.690337818964,1
32,4781.622063122334,416,2255.828667055901,0
54,3849.530418406127,439,14121.50899976094,0
38,6087.923591617241,609,12192.990160786472,0
31,8617.688724462547,711,5942.792429780887,0
19,6765.187237471219,577,9245.342155675004,0
28,7364.304356649459,428,10693.592410568162,0
68,6975.510997043821,445,13249.03130015685,0
56,5499.785532593632,698,7317.916505680117,0
55,7450.0127882403685,679,14126.60194277741,0
51,6841.055013243039,818,12598.619249985903,0
55,8091.002287275645,731,15895.92380320707,0
67,4672.8119059088385,595,7688.189878951024,0
51,2371.399048818304,621,9953.334998486222,0
35,7381.451826771539,844,19210.591882317403,0
47,6129.585137090905,752,7469.807538470759,0
32,4967.117019421775,506,5037.616400840343,0
44,5067.724937846516,465,8845.224184602512,0
68,10098.435386623809,784,3120.251505999735,0
51,4344.049625438312,367,20364.4673874918,1
69,3964.0540477126005,791,10586.183324181384,0
55,5653.511620288034,521,10634.473072672137,0
50,7624.88358035133,365,15712.634785929888,0
41,9601.12357575261,798,8372.215584952657,0
32,6683.256934101228,589,10920.348153251394,0
47,3213.264260837026,735,8240.281691674762,0
59,9047.555687292039,405,3224.8454473066486,0
68,5464.956341661225,428,12253.78940242768,0
34,3992.123022589055,452,17128.637144792177,0
22,3557.0935772211624,633,12396.47476585068,0
46,7005.39169480382,542,16598.95662025003,0
21,5929.892895135545,354,6521.040504665449,0
27,6121.135678502531,455,8229.803765286175,0
34,7815.705614329476,627,5528.514674550454,0
27,4056.1217352826407,722,13832.787726558952,0
34,7959.078330892567,449,10411.956850087006,0
37,4565.516818971358,587,10224.707089342006,0
41,9395.213273042242,618,15344.930949257747,0
22,6577.730228787652,670,9635.085080565257,0
51,3843.570646402521,749,17398.35856694185,0
23,1854.247450023137,838,13178.287939935988,0
19,6956.06450010222,435,10169.260795994072,0
30,4826.475503217669,669,4241.983307006876,0
60,5219.981749860696,381,15316.371390185135,0
60,6879.152816513393,685,13414.67815440763,0
65,7318.74488725118,400,13655.342378824691,0
28,7702.678613204724,428,13814.818001513177,0
68,3385.2856449107144,535,9354.569656383144,0
64,8066.610549324259,523,11243.129610161837,0
40,4457.718394897331,785,9707.243648770112,0
33,1438.7501174531917,455,18250.322418719843,1
48,3378.8073756519175,412,10624.398534066753,1
28,5892.445165838617,425,8903.799043500308,0
33,3738.1343570539493,665,18593.820391478537,0
25,5341.5199554831215,670,18049.856175014767,0
21,6108.854477552521,722,13181.871460688035,0
57,5173.506274403286,430,11350.658366263604,0
21,4610.162191857909,710,10102.252326161619,0
42,3248.747086621193,477,11780.129618980622,0
20,5539.498854787598,532,7626.442083953086,0
49,1783.0767023474768,592,14416.83470412049,0
20,4265.203524905041,534,20262.51482046477,0
44,3829.98860369063,847,14813.099393674314,0
46,5069.121667283954,569,6483.818607822009,0
49,5116.006361243315,420,14275.503829840089,0
67,7227.922013980742,806,12972.692818154374,0
68,8350.259099049279,691,14231.47401651488,0
36,3487.9980875734536,503,7902.156277133358,0
38,9087.098725486054,594,12016.786712389747,0
22,4097.267920861423,489,16415.49450497669,0
35,5810.548209261562,420,6650.010547453226,0
45,6419.553380466972,395,9754.38384423357,0
59,9900.248954648512,396,10560.731777095521,0
39,4523.891792027204,428,16991.83559435484,1
38,2265.8715766395044,771,17737.496232892583,0
23,8182.683046347367,498,2424.3387282801687,0
18,3999.927594168217,747,16987.543931647815,0
22,4849.140554963933,479,17894.775416337136,1
58,3488.0506229328844,805,17573.437138909514,0
29,4854.3332085119455,476,9351.863803311022,0
43,3987.295234830206,714,10850.990259531043,0
63,6717.595269690588,468,4162.893678832375,0
51,5645.424933499563,803,1525.2344256601082,0
66,4274.100710893578,834,10192.427974028175,0
31,7292.569557986069,706,12382.343577701466,0
43,5958.994151214278,766,12883.847359935426,0
62,2177.1131492007003,838,16105.698270739436,0
44,7155.465965351743,611,27305.678924466738,0
26,5832.762190934743,593,10020.04667551505,0
43,8003.318477664777,823,6722.154310452209,0
64,5723.0513674167605,731,14730.673402936456,0
39,4074.923168978329,452,13111.211934779712,0
64,5132.268400056693,838,9127.392895903273,0
47,6947.054795585296,386,16554.26087061195,0
60,4112.673292538448,491,7940.325076426623,1
65,4707.465783206395,386,11357.166402643055,0
34,5100.960556001679,357,11645.411292167482,0
43,3431.1311016114287,580,7261.436488652471,0
53,4138.617835668566,682,3451.4751012486668,0
18,5810.590345247542,746,13094.750061937928,0
25,7664.459945775415,645,18843.57744244512,0
66,6070.864572478856,456,16804.509278239882,0
52,5417.449733135762,697,17138.997911020546,0
69,4003.7126068858406,791,8005.251520815495,0
32,7471.288741096418,367,13070.347857451501,1
64,6280.309899904317,662,4879.201427146112,0
39,4227.886425665369,432,12844.575064293935,0
31,7117.567225632821,771,18943.92253737399,0
43,6507.238710718841,637,19099.18561697037,0
45,4035.6453711407753,819,22152.24333821765,0
40,5317.5191387244395,543,16945.89012173057,0
31,4613.009089162713,810,14378.745279386267,0
41,10240.36829205689,564,16373.615912010671,0
19,6457.140789626186,630,15402.87079825936,1
62,5836.171698726832,569,7963.728762942321,0
43,6350.793500938084,791,4423.350097169536,0
31,7982.492658755496,808,16413.79359709876,0
68,5349.915740010762,638,22466.741302792616,0
24,4438.163263841639,693,16619.85713935811,0
20,7019.709810575352,543,2556.3814204472237,0
64,5185.099781197639,507,9403.490779804937,0
40,3574.188407655094,814,11016.536150638876,0
63,3223.5644228390947,453,2719.783365652729,0
60,8252.73379151116,383,5115.5147910515025,0
64,5736.960220454712,451,11814.622529162636,0
62,4438.778708813677,476,13308.171888513527,0
35,5078.197160124286,563,7069.929286501383,0
55,6953.400492415033,674,4885.301797281885,0
52,4971.870071484319,781,17966.529396087175,0
68,2891.044487480647,645,10087.355708105122,0
32,6086.513533866265,528,10802.939121577338,0
42,7675.026071632414,429,9266.648787550295,0
54,7554.635772350051,490,8144.123537749238,0
45,4493.206111352959,823,18513.916384105218,0
27,7784.510781625083,380,7601.018273147905,0
56,5883.309952608921,721,12898.41746288632,0
34,7734.065218981708,772,12043.521648256163,0
56,6532.6366540045965,412,2259.131105713537,0
39,2761.125683261195,397,13204.73440999659,0
43,8644.130087515023,436,4280.155507623832,0
61,5593.2109321581165,653,15177.30054414956,0
42,6538.228883044871,410,6067.917351414949,1
34,3080.7196687506807,745,14610.093052995748,0
30,6409.587700140517,683,9852.470776316108,0
37,7485.269918936788,789,8628.37626398808,0
42,8983.576605877128,623,13052.832286557796,0
21,8020.719630631508,760,4640.704661411893,0
27,6497.604467102871,633,11653.896705183692,0
20,2720.120763972905,815,15911.250199701228,0
58,5738.091022895358,429,17213.02215812229,0
62,4433.482782616726,529,9686.845431381054,1
35,5922.960174669244,621,10416.738497463028,0
64,3310.613500968822,426,4540.487686534374,0
53,5121.699565974577,791,8246.434190596841,0
64,4569.070449149077,570,4199.447465452403,0
39,4513.300559255356,742,14200.3679761759,0
51,4531.174865215922,631,16210.83359864702,0
64,5255.46151050116,377,9728.879140918652,0
25,6015.150566286439,710,6708.839256527093,0
57,1200.0,426,13540.95886789837,1
66,1222.420858591846,513,7660.1714675753865,0
61,4890.355588140625,358,15359.694344232978,0
36,5144.015719529894,524,21677.15141351778,0
59,5840.400189887093,811,7577.834701492892,0
58,4190.189761258796,656,8291.621985548263,0
54,5517.037349240827,425,4702.146492285359,1
23,5727.741769032499,594,12730.545466639385,0
69,4177.795425642151,471,12390.620342990662,0
43,7324.220479133982,534,10647.203519686487,0
51,5818.575360619109,381,12080.735237761357,0
62,6484.529971833923,835,6781.625089724189,0
23,5623.922316310935,800,3684.001615979445,0
54,9286.611585511097,599,8204.651119547281,0
50,6573.514724411776,406,2422.386419634491,0
39,4621.612030826995,659,7577.358850356526,0
38,6977.740391863121,721,13548.63720495583,0
23,2552.311148577991,493,12298.325928232738,1
23,5715.280472800788,667,3131.086347931223,0
65,6074.488522165583,433,17246.73272798516,0
21,5735.837371741657,829,11027.145512612358,0
47,4899.198032490003,405,5503.381991086052,0
28,3677.9079576933727,628,10178.225450567354,0
47,4079.1753783082677,622,9084.941255954858,0
48,5683.73484924529,813,7661.306484293547,0
41,3495.6653816296134,515,16062.963519287989,0
26,8686.30170816509,805,6468.37510216418,0
20,1200.0,816,12923.230792516011,0
68,4917.811838419713,507,5293.409049695997,0
48,5698.701350393855,598,11815.519534536432,0
57,6413.35767009992,535,13327.113406239887,0
54,3851.3354909276313,831,13336.691400432252,0
53,7541.730628998783,427,12404.030693536197,0
41,2991.1041211367387,371,10804.923751310396,1
48,4480.968540506377,457,6679.529242864499,0
23,6617.3455995029635,622,6737.241053265633,0
19,7372.339416626954,601,13494.144007059314,0
37,2972.797666514024,364,5692.955814982105,0
45,10261.066222747286,719,4546.462861754776,0
28,3884.515186299023,653,19148.84907956759,0
21,3138.0715404499915,509,10701.415514925246,0
32,6404.886805191863,554,15175.073430356733,0
23,4873.071783553377,818,16367.441064428365,0
66,4607.10583742846,462,12255.634970657144,0
47,6572.159303625495,517,10116.11643570179,0
55,2750.8677572299434,702,10201.073913478138,0
68,2436.158080045536,602,20040.15286134456,0
19,4424.637942742189,790,9205.960844360208,0
32,7440.223131015986,535,12882.15922883485,0
28,4502.70047185699,696,15386.595732995556,0
25,8378.482032151505,576,13253.548889287085,0
43,7661.826570109402,365,17421.918156304033,0
68,6009.303132113473,505,10066.919931686056,0
62,6111.502946874562,703,15366.750947045351,0
61,6007.60472503034,460,3026.956290787284,0
22,5787.49191162778,350,18734.577319349977,0
23,4840.764944539277,390,17615.750502408493,0
43,5049.661900227107,397,10477.870105975782,0
21,3574.071718133352,764,14194.192183782201,1
36,1521.922979277676,769,16455.32484731235,0
37,7487.32709670769,457,6811.235360304145,0
50,5783.065186213537,510,11277.369522186564,0
37,5511.180440119215,510,5471.250113792239,0
66,6217.208421144183,708,17692.082131801882,0
29,4008.8845813714315,477,16113.80310414582,1
64,3698.0880159080207,559,10595.255419260777,0
18,4989.367551379325,500,10015.433504228056,0
43,7962.577267174863,793,11255.217195825266,0
31,3396.266148712373,604,7513.713324620669,0
55,1200.0,820,11129.812118192569,0
54,4561.478034726246,812,6811.346110078817,0
28,7556.85984922333,567,16491.655580894207,0
53,2381.4207561621633,379,17684.678532772974,1
30,3375.489513118831,822,16725.964940063994,0
60,5974.384133040704,394,6029.00080256958,0
20,10125.832663855603,429,10957.746108653484,0
50,3055.218996652848,388,14923.645455712693,1
23,2985.5186353576737,589,15843.790186104563,0
67,6109.657063910534,394,2805.675829761156,0
27,7668.4139919886675,427,15702.448002052664,0
22,4376.622317813722,686,5783.658956803555,0
40,2581.4905189800957,745,11230.178096817752,0
27,6280.748597595422,698,18287.438287947276,0
61,6606.7145151453515,637,17610.35172448373,0
19,8701.579227768847,789,18630.650948739025,0
30,6682.504802183702,629,6668.6481430644935,0
57,6990.518937470283,465,7903.548572117904,0
19,5028.13874103777,618,9185.994787310003,0
37,9894.707815905043,753,11267.797106426537,0
18,4783.344380940754,684,13083.505724032839,1
54,4398.540181458814,661,18386.27475487045,0
26,8757.126853333491,402,7356.9393341550285,0
34,2846.372897988262,417,8855.734067286081,0
26,2174.664907849753,531,19118.205350183645,1
28,5715.202464277272,383,6204.760617797347,0
32,5496.874258103749,633,15634.262495352512,0
41,5089.801633208808,655,11556.761086011511,0
55,7289.073562818973,735,13940.368668932128,0
52,3865.228871880573,598,7943.144484886025,0
47,5615.500826124414,460,15535.881437069316,0
48,4851.809285251264,443,8728.957652336458,0
66,3895.8066998078484,759,4902.005182720113,0
22,5388.68784887077,528,14400.195756050336,0
61,7034.6724459311845,396,1000.0,0
67,9317.022616774902,631,9159.990899408596,0
31,6542.954169218145,689,13455.690490176356,0
28,1200.0,711,15788.90072186955,0
26,5431.347846205032,441,18132.595981257757,1
51,5589.6450236250985,725,20887.72441738825,0
29,7185.17621724391,561,19358.741098594073,0
52,5832.65854448153,424,12957.73976749466,0
52,7755.560051143738,727,17628.088886664427,0
18,6205.007108107489,551,12880.565588047619,0
57,8305.8365250962,794,15429.528132311341,0
39,4710.257343913072,756,9003.267924054266,0
46,5759.8182411340495,770,14310.379079990702,0
25,6987.954763701813,646,9633.768888613027,0
28,4470.050673471802,657,11132.2796373913,0
58,4077.976956254063,560,14326.144482297317,0
54,4367.166220563967,842,22456.89538695583,0
31,4151.41188923994,687,13973.852001500984,0
47,6440.611457575589,782,11941.46033243749,0
52,2197.3455466578,760,7841.118951520498,0
38,2699.2539526277674,483,16481.00792335318,0
54,8852.943686243072,679,10322.700015452267,0
22,4194.825902246481,415,13870.763294935381,1
36,5860.026732109147,629,15509.711294002016,0
31,2819.536447781569,771,18320.54554281251,0
43,5669.423682020697,377,16211.862395098271,0
21,4205.787998173473,761,5882.709837467178,0
42,2686.4389033112543,466,3414.0077005369076,0
62,7906.456787616484,842,15507.35858325879,0
59,7628.618308709569,719,12430.021975799984,0
42,5306.76137671477,836,13957.347964351882,0
35,7298.95425882024,799,20598.787880755488,0
57,8925.926837908888,666,8917.059553947478,0
25,6857.336679684561,779,18457.04621564577,0
56,6363.423531117934,674,8966.68378035077,0
57,5858.1094536699575,463,19826.343712955335,0
31,6669.095256746631,424,15752.592420787767,0
49,4844.945091718654,551,4464.359885424244,0
68,5002.055435509396,776,9913.606514121857,0
55,6311.604475382526,408,21578.340292327608,0
50,4647.043233712848,735,20950.959086893214,0
40,4841.560588971695,364,15021.106944940515,1
32,5500.335996342952,580,13771.17367264604,0
50,7571.093591067524,454,13198.673363207243,0
42,3461.2052435926344,514,14185.13828451726,0
34,6866.5213048694695,548,11295.99770179244,0
50,6925.233543046246,753,18055.09629687101,0
64,6914.4616167342565,703,14889.249323339594,0
19,4047.85651562292,384,7173.223572321843,1
31,2453.1730920803134,511,15274.958939310556,0
57,6507.46085034056,594,12824.920905648316,0
57,5837.569811945132,819,10437.690744126196,0
68,7307.8779425736375,636,21492.63426678034,0
56,4239.033709582831,732,12518.852605403792,0
68,6868.21307726145,820,2215.801342880419,0
23,7397.941801994941,368,10793.310637633687,0
23,5328.442502111169,801,16967.442346244625,0
20,6250.47310587667,629,7367.625600830192,1
24,6187.539623543371,689,16797.52585324821,0
68,4021.3548477466297,772,7011.557018175752,0
25,6455.9738841122935,697,18683.368318591514,0
59,8420.497013621825,531,9137.16580422853,0
69,5539.967082176746,772,10241.043559284923,0
32,2870.335110427017,750,9870.37604009666,0
64,4262.992244354782,496,14987.263381083936,0
46,2297.0269920670703,723,21220.59775840562,0
50,7822.470032282916,525,12074.166939823597,0
69,6875.38953339057,512,11945.47923425219,0
47,4597.535310997927,765,9133.657069803912,0
56,2947.4921404559145,524,3863.267632583119,0
44,4000.0690751635175,843,9632.384742981782,0
53,4351.101461745135,396,5704.98688533115,0
46,5696.933678236105,605,2563.420178406306,0
55,5636.3668177570835,797,11615.01843524021,0
50,7914.577555672664,523,9287.02395812727,0
54,4253.041256143523,452,18882.862166617808,0
44,2785.2618621629285,470,7721.9888909612955,0
50,3417.4387447438744,768,15351.837029367594,0
21,5458.555261996298,699,15254.113262093946,0
39,4188.3794794975765,494,18685.665475997906,1
19,4974.384618076554,391,11078.871034864422,1
27,4682.7395554250015,716,18595.212166806297,0
22,7282.4292166693285,378,14804.73349050041,0
27,4443.46176323382,803,17696.423151114293,0
50,4820.784261493942,729,23970.783712504883,0
55,6791.110446085796,622,11383.882935356341,0
30,4483.032560142263,814,12854.047619090003,0
48,6261.782274022632,363,10190.919554976539,0
64,6096.673471639166,757,19711.548188329783,0
53,5755.178546129943,790,25023.2638645092,0
62,3458.0865111283183,655,15670.825510268842,0
41,7713.593604139487,662,3949.593776105655,0
69,9497.230833849604,834,7584.4502725662915,0
32,5515.890648881311,538,17797.94949071738,0
46,3616.5612279333245,709,6278.218167665225,0
25,5552.38487498504,644,8997.336842235312,0
22,7281.748253054799,532,8821.961754019965,0
46,4392.662183711907,701,11614.247798105389,0
64,5267.981468587259,385,13283.550846764654,1
21,6113.1774455418545,719,2552.8427809669356,0
29,7665.486133970664,386,4362.806265444903,0
62,6895.762719560874,845,4482.13425208865,0
19,6970.362345158072,363,5079.861820430358,0
44,4732.716597982435,760,12080.034367339738,0
48,6223.454119313062,472,12972.890293834656,1
68,4200.466011174767,432,17065.92115763648,0
68,7021.946979793381,508,14774.64714707909,0
53,7572.195353414105,843,9088.713101274781,0
53,6496.054423790721,678,13149.641392103928,0
43,4838.660943769332,451,17271.140877816008,0
60,5133.291169525123,686,10863.086577424612,0
44,8751.729179191618,432,10447.906849195148,0
22,4868.721199677707,393,7275.21357509297,0
37,7389.9895014110225,417,7975.870924574819,0
28,6110.0048767933395,397,15427.871353704377,0
27,4898.554392772283,406,11980.877546239646,0
57,3079.6317505550346,424,21791.9550883642,0
55,5880.880685059312,371,8616.463938638235,0
23,5663.98155989102,481,15806.865828290522,1
25,8751.7624086268,814,13932.045754360866,0
40,3951.653148239503,805,11553.127893129726,0
64,9630.583464786012,651,9822.489885744122,0
43,6181.858953093868,792,15000.509358390238,0
63,6180.092598199884,767,14713.368926787743,0
60,4432.470158021986,616,13009.94229513545,0
29,6066.471353598044,636,14128.172018898344,0
43,6351.491670819783,744,12182.433831705996,0
30,7187.189125277579,469,3794.0963056627697,0
57,3739.0200263345023,595,12421.867513830312,0
35,8032.205540418469,405,10657.247953376378,0
42,6150.547942789563,387,21731.217586997547,1
50,6594.812011553162,594,15166.928168817984,0
64,5102.303929291431,370,13007.545640995462,0
57,3829.343251097709,459,14314.15036613334,1
60,5630.904329325917,443,6884.4093519415255,0
29,5837.131989681793,743,8951.156855551622,0
61,3006.2291173939166,759,10326.055378592217,0
53,6927.9137292972255,824,13942.11251820377,0
65,7293.744341013846,485,9826.238563708517,0
21,4186.6036771219715,580,9492.80731865294,0
22,3659.3463695102355,357,6660.68165649582,1
54,4954.669521626258,793,12125.605442756343,0
25,5543.011174575339,677,12827.830964571947,0
59,5024.4921821523985,724,14142.616478735461,0
66,5390.34790101259,639,8519.918897240164,0
45,5898.659855816649,600,13853.878758097264,0
48,3037.1159102938677,749,6798.628116449878,0
26,3244.067870854123,710,10904.681027527131,0
68,1200.0,746,13507.86068042732,0
46,7196.581411216249,436,10706.438863096508,0
31,5527.408637111409,553,4190.777749923948,0
57,7386.132036637282,568,4786.837028842507,0
58,3452.071607539494,755,13104.474340037017,0
39,5543.933211159691,829,14898.256783742225,0
28,5886.687711009882,590,13696.583943960275,0
40,4488.791509305973,760,15018.711046189164,0
18,2703.829962759773,669,10597.287570651088,0
63,8642.568405043283,607,15692.209554566241,0
54,8018.710014286092,458,13680.300397444686,0
38,4812.521910894344,605,8802.716174476303,0
43,6418.409761305294,830,14572.268556968089,0
63,4627.376782557592,631,13480.25102067248,0
53,3708.2735145554543,569,20362.47043803794,0
40,8789.070708922625,432,18896.59976743746,0
18,2520.336013469557,456,11538.482259269429,0
68,4986.093345451993,418,9911.596988548652,0
57,5651.782889036021,446,19795.5562654406,1
32,8472.225841637115,561,14757.697596275906,0
38,7113.859577624833,635,11129.261166156259,0
64,2489.9504057788267,586,2054.6912158559335,0
26,5495.049566138472,357,8222.50275816447,1
26,5537.908357055847,643,7874.859616151961,0
27,5088.990996461004,538,11268.096866564325,0
69,6615.656393554542,430,15092.591683773251,0
43,2963.6075300392413,457,15856.266121611185,0
58,4764.455357433993,670,19500.17842644655,0
52,6361.873746783535,416,16656.979188351088,1
69,6723.236233289154,523,5497.660425895078,0
42,5768.955052316554,695,17150.03789770213,0
43,4980.894039459462,700,20666.6235263668,0
28,5284.105707472349,677,20419.04038510301,0
55,6832.732820279027,392,5935.682753458783,0
19,5561.021411425828,536,11044.51699010777,1
24,3624.6744182070483,651,16804.86874784986,0
35,3279.704348899174,549,6208.284832189354,0
44,2818.6526414150035,730,3375.425080404253,0
51,8120.045473280837,768,13569.778433853116,0
44,6953.431304102401,388,8622.042864466486,0
34,5308.321810275015,569,3842.744664926916,1
60,4683.17352670465,656,18147.602213762726,0
61,4466.925985658756,353,12821.563290589913,0
68,7467.826793647978,470,9396.5383272877,0
41,8927.980314714534,685,7181.579579037936,0
42,4410.29273693043,426,12872.830741716803,0
24,7549.147937180277,817,14577.085994627638,0
69,5550.423247646001,528,13629.663364017244,0
23,5117.62792616116,482,4405.433393655591,0
41,8207.585709093863,660,14384.260321185178,0
50,5481.701702663002,578,15472.247546734989,0
66,6033.4559906583445,625,10282.979646488327,0
46,5946.893079240603,501,17198.05190974459,1
60,2573.921140012987,513,7740.413035288075,0
39,6019.140067688911,639,18452.92393015501,0
43,4487.154356007581,727,12661.578422153221,0
45,2941.924347737882,458,9519.152639917218,0
67,4569.153255192227,475,10407.75754834612,0
38,4554.300034653497,589,16996.42441714982,0
66,7353.788570434595,659,13186.21174957688,0
24,3585.178691016343,767,15225.336632537783,0
34,4078.274609711342,816,17373.346513627053,0
37,5923.698868986423,750,9370.11467033341,0
58,3113.571211562354,738,12636.491680396814,0
66,4313.7878351818,694,10877.720198415062,0
37,2503.9418764002003,495,17085.28988978169,0
39,7156.020628009713,601,10087.722906647201,0
45,4957.546383207666,532,12239.158821809357,0
57,5471.347878995964,658,23478.623005737663,0
66,7148.818575623962,655,18425.58137116539,0
24,4199.916009423004,421,6823.859449022899,0
18,4938.423384433592,568,16509.88053679009,0
49,3598.6096012496655,556,15443.8464417832,0
30,3594.6933022075377,522,6496.818310825541,0
47,3842.950790789418,490,11449.72132105197,0
40,4613.517296499403,621,7261.484693913932,0
68,4807.368038488483,563,1000.0,0
36,6019.5378716170835,817,11270.142377286254,0
49,3895.809493524581,618,9469.549352464028,0
47,6075.338816651458,369,6495.488073401949,0
46,6373.00232474181,415,11952.068666638019,0
66,4657.920070901921,832,1396.9377217061829,0
62,4051.4957696469137,652,12206.374696715196,0
46,5653.142257563982,496,12076.990605555688,0
47,5134.748566581199,778,15393.697766102985,0
33,5896.6332926923815,514,3984.103820643959,0
57,8325.75958526794,727,22697.12127929163,0
36,5623.546687169888,659,20779.011127084406,0
35,4349.384989695763,355,8133.9261591709765,1
18,3896.3986985042948,363,19298.69427833556,0
31,3966.037063621149,481,16285.360563712624,0
68,2867.0206471999827,691,9802.874371068432,0
64,7178.938495022042,592,8965.73497084368,0
67,1480.098125159624,788,9343.877074606815,0
19,6378.58867189475,580,26131.84438484686,0
45,3937.4849679845847,577,18800.597144557014,0
66,4577.670613676588,511,10986.13553058732,0
67,3883.6222452201,632,11417.887999851098,0
47,8102.556387355655,612,16237.24105340656,0
55,5529.368083034398,480,16018.221242413194,0
68,6922.681345077134,780,7215.619113088452,0
21,7840.948345472811,574,13487.6931761012,0
18,5794.129853240327,607,9237.282358283235,0
25,3347.8772124606176,583,12760.9989065804,0
46,5102.843049791611,685,11759.934334295744,0
56,4163.953575580836,758,17088.222361218835,0
20,4593.692508602862,665,10658.615393377771,0
49,5329.67717323128,812,12591.587422804381,0
27,5258.519844233924,373,2609.540830584998,0
27,6241.796489836515,620,13618.264645766412,0
36,6503.147728804876,444,8107.391364495437,0
63,5258.5386827203765,491,4414.324850786893,0
51,6226.244052594251,531,17645.571137928684,0
50,4511.152261116205,555,11791.15316267013,0
40,7866.603686073706,739,1614.204401320092,0
45,4482.079681208237,811,8081.882189711525,0
49,7654.935672320371,430,12025.00875717602,0
67,2843.0792348109007,623,12173.74569913903,0
24,4815.266936660477,625,9502.971554945834,0
46,4904.239287495509,720,1000.0,0
25,6002.185230547253,795,9240.439217532545,0
18,7051.270245793882,814,17355.16657361335,0
20,3251.08863449285,557,19011.972322562186,0
41,3505.630524322766,645,8962.545182882004,0
40,2976.565478110772,388,21416.670548345024,1
25,7876.331554957151,785,3914.9445762592613,0
64,6035.68889703482,637,7949.842406852209,0
54,3548.1318247771787,473,16457.480618580343,0
20,4702.429226879072,713,15670.276025016348,0
68,7627.170512190691,806,11951.904607523236,0
50,4999.385385439771,632,6404.370939598441,0
45,4893.061351975889,715,6391.009882011611,0
64,4093.6659277184945,529,8371.581493708887,0
25,3655.0138351262267,446,6608.29319089973,0
51,7629.982858797683,540,12653.515752954516,0
52,8513.022859735709,423,11538.663241162629,0
49,3726.650074982774,796,6193.190845485412,0
41,8028.896192592616,622,10225.585663330654,0
31,4622.69905067781,846,1000.0,0
49,6460.566391663997,398,13696.10239662539,1
63,8038.384848665934,833,15583.628024402853,0
60,5238.862127733462,686,7440.949430965021,0
33,4909.704543518754,559,8068.120115673221,0
21,6941.945734818734,465,13289.443689806267,0
69,3502.0848933347515,372,12531.330695847853,0
54,7564.710480112775,447,15865.591780408407,0
38,5757.0569063966495,677,8116.601649681895,0
31,4460.049085322482,746,8697.213313638815,0
48,4412.498314031462,756,10896.50758271839,0
65,3009.7674787089413,662,6669.389377273199,0
35,4534.890100076818,539,10787.604729230534,0
24,5024.732028410078,531,6751.134208696802,0
27,3589.671642919333,497,14087.851087836834,0
24,5418.163042967792,691,7323.470224097998,0
50,6351.250752145892,844,13264.463730800097,0
40,5115.750155201046,785,19283.081189240187,0
38,6692.90648773468,372,14141.120883534222,0
36,4047.148030637195,454,12879.430278804337,0
65,7306.088975595892,512,5181.7999588370285,0
36,5719.266470394745,416,18945.17266409053,0
53,8281.462905558537,639,17578.641110095272,0
46,9845.59116202972,638,11218.273664891085,0
35,4653.561533854094,395,10079.41497053937,0
19,4727.685021577376,430,7930.099226574348,0
18,5056.764180492309,778,20946.884718579102,0
64,6572.264050315926,496,15919.82286958121,0
22,7886.745946855162,571,8207.961043199664,1
37,4324.944728494354,692,17496.34825236036,0
28,6186.239679660531,364,18695.743375787708,1
59,5255.330878259619,728,11893.935125416438,0
19,6612.596384573059,470,10278.263231647647,0
20,8217.023848133842,427,7034.582735814231,0
40,5067.409172620573,671,15537.142671114685,0
29,2494.238199987285,644,9864.621307117146,1
37,6839.023018384528,590,9657.880267564215,0
22,4001.1306065101853,367,11942.354951790341,1
54,5242.3916734652,605,7909.963071388054,0
55,6916.655506368905,803,19642.11650651574,0
47,6035.310736355995,792,16839.55895049032,0
26,5316.903954004519,765,12382.786719717082,0
51,4463.412917575022,626,7743.766941816795,0
61,1200.0,773,8013.7084632005435,0
52,6756.977468361164,825,7793.206516638847,0
69,5044.686941393625,376,5846.513870710253,1
39,8224.005301040306,351,13613.42976869798,0
61,6216.450453931366,702,8787.811198591546,0
41,4525.974329437283,813,8502.244184069312,0
34,7420.3661590768725,644,7930.315486507869,0
27,7572.032930724743,819,17017.89295413865,0
47,5105.74273416554,661,8207.127498786213,0
63,7648.56075803181,712,18345.222425008076,0
40,4500.445500305115,732,10561.531056325755,0
49,5787.365984934226,588,5774.596060457612,0
34,6528.535097893805,362,14346.339012518169,0
67,6912.606851225541,731,16436.38094978792,0
68,6618.7393275086015,533,7709.833483528008,0
34,4901.21707498629,543,12316.202572318818,0
31,7468.655753244595,811,13592.314190748139,0
26,5276.030818408447,405,12478.169261115523,0
57,4475.750747904652,579,9709.278631178866,0
19,4502.1916588360045,838,16408.10182208533,0
62,8991.979104657403,377,10744.415702989629,0
42,4164.429829434499,669,8971.600631947564,0
56,7824.943408168804,420,3174.585468384579,0
26,3456.1599475416942,559,3221.2105244417,0
39,6378.229801133535,797,13079.519352631138,0
60,6034.7502126835025,533,11614.750439369984,0
63,8418.20838350721,774,16437.225095598144,0
21,4322.076588696673,724,17651.421707649322,0
43,3824.804407671303,705,10774.482057170846,0
46,5290.281318975432,390,16743.249482050516,0
62,8496.643292632814,833,9190.769435411165,0
51,3908.5147361012177,841,11250.550749738415,0
40,1200.0,609,11107.575364994364,0
54,5607.582107271909,790,19895.31273116821,0
28,7209.141252329816,763,5607.56946526884,0
23,3675.1493212482465,693,12295.688280723345,0
35,7026.2779120358755,433,8519.824613350553,0
38,3635.3602269775783,395,10504.925137516122,0
59,5236.194635754978,789,10291.087143385757,0
53,6854.828167514903,508,12360.319667722171,0
58,3362.562276870811,693,18734.58751404724,0
55,5826.723996713597,356,21510.0018350369,0
51,7686.952320326027,823,15282.85748876579,0
34,6353.081378580431,682,7104.335166595952,0
54,4202.873096336618,787,11126.865972172882,0
42,8233.693034890228,485,13303.01065298721,0
55,6685.106521460482,532,9965.383688324153,0
29,2151.193600136248,546,10614.625119068678,0
40,7055.638506521607,521,11644.197230290254,0
59,4471.526345648901,746,15861.06085552313,0
39,5853.814385756436,698,14650.908477016908,0
38,7314.407207727867,625,8949.17164756122,0
44,4510.711747603299,427,14964.170853165371,0
48,2537.933294724735,765,20621.806796671095,0
23,8209.981345430491,793,4435.257828311964,0
44,7596.250248163506,527,9813.352027296563,0
57,5342.939176270697,376,9433.223964017967,0
51,7036.158612685807,469,12399.583242708677,0
29,4835.103882285368,630,2880.6241483929643,0
62,5674.5463181695295,657,18805.436378125654,0
24,5240.281703253868,545,12233.958811665796,0
27,4907.900646356856,626,13490.666986046119,0
62,6146.744644154359,367,12911.581901168482,0
34,3325.2781174379415,644,9417.33749020056,0
43,5047.154504621958,620,15493.272527832873,0
38,6066.0630504701285,402,12026.15009671788,1
45,8808.581274330943,643,1576.675323125386,0
63,3398.4384124371472,781,11459.18182405318,0
19,6436.995503918369,401,10612.138457202156,0
60,6634.26779757015,565,15483.70843444213,0
18,2121.906284771074,421,25507.065444948516,1
68,6238.957625936653,377,13888.426391999985,0
53,7084.513142170806,818,22598.992738947032,0
68,6559.574822888382,749,8568.867850942637,0
43,5348.930941229184,601,8889.380825853408,0
46,6099.832065740372,723,10767.830439716126,0
38,5805.720455048254,749,14125.960701850458,0
28,2458.9767910326495,384,8796.986759715577,1
57,5847.976584558039,750,3940.7678328237425,0
28,4839.27326923299,550,12115.275942399147,0
53,4231.32009220363,598,6285.030146117016,0
66,9972.945916455978,448,17579.14499914441,0
56,7754.708295315203,657,15219.351551854557,1
57,3429.690291434102,826,8202.376233701112,0
52,6123.94515381851,836,14278.960315266759,0
51,8124.445496015785,815,9259.207189443237,0
64,2806.841522663197,489,11739.039332109644,0
41,5638.569654532877,432,11791.64272463814,0
39,5723.330906295088,397,10321.847377575936,0
22,3205.9128115017593,627,16153.399387674748,0
50,6183.190548302014,728,6404.1814840528195,0
53,7509.243502932625,597,14684.880603499401,0
64,8214.485664554475,732,13522.645593946783,0
37,5051.144617073298,526,4977.127641684334,0
36,10002.961063243203,401,8027.894415739134,0
52,1795.659843885841,428,6530.603856786938,0
69,6141.190077666032,734,10167.866596834554,0
60,2957.8702241262604,671,12242.132286075423,0
34,5662.328747494419,413,7358.0677294650395,0
62,4560.567849810947,357,16845.64302911976,1
60,6412.37942150301,563,17288.912844874358,0
51,5271.61471461605,374,18172.09813465602,1
26,4013.2284795522705,799,1000.0,0
43,4131.476294384836,605,21740.84117012853,0
19,8978.427095409195,592,12830.271852678365,0
26,6298.342729232347,806,12236.497566534492,0
26,2436.1683282309014,806,11490.630882330917,0
57,6491.417923210175,810,5393.756496918197,0
34,5149.582007755605,547,13798.790468510984,0
18,5508.28195677485,443,20059.721732181508,0
42,6975.798677167235,556,12770.11908609713,0
60,7629.808912683123,784,6424.516634043014,0
57,3954.1370897427596,786,4373.466492025491,0
59,5446.4650225203095,364,10529.881308794404,0
42,4517.000195070575,527,8279.865887450813,0
56,6574.351925933673,804,15512.873969781942,0
52,5081.8519112748945,727,18852.09370316651,0
20,5552.652663463376,424,14348.257431209528,1
67,5013.501830181704,453,11574.539198232424,0
54,5308.984871975203,643,11337.341872896124,0
61,8568.371810670644,517,12355.417916482646,0
61,9803.379096581903,799,6200.296837877928,0
68,6178.765768736457,464,15011.32631053959,0
47,5320.054396329574,845,6595.914047166057,0
55,2627.8538303985706,388,17580.844095954402,0
51,4131.247240339528,807,10183.764377640358,0
29,5271.875135585369,713,16154.045504011618,0
36,4212.886202852633,622,4633.653421084762,0
54,4402.1786268305395,484,16118.798073879214,0
61,8335.701053301098,723,18812.636848284288,0
66,5551.823464729267,581,5592.1127047476375,0
34,5712.781584523486,388,11432.481952721528,0
27,4286.456991391192,801,13674.430695606314,0
66,7619.580504585255,640,13919.339300563295,0
64,5117.358469620578,656,10302.23457891511,0
29,4562.445402728459,396,9420.823407079179,0
33,2654.6485288430054,385,13266.314729588463,0
41,5390.016555247541,669,13762.769637917903,1
36,4506.295596800677,444,8862.975434087459,0
25,8532.243542830418,822,7874.7902055496625,0
48,8819.017645603511,710,18056.878608981333,0
38,3276.495109420706,362,12538.343778524993,1
34,3480.1241718142046,495,1000.0,0
40,5002.624656772394,754,18087.555291761535,0
54,4031.131788290311,717,9014.284733293563,0
33,5891.349836236084,414,12333.701614649359,0
23,4912.0777196459785,577,13874.321395671821,0
25,6004.958212999465,591,4581.582788694363,0
42,7328.968338964541,357,10555.987462401383,0
35,3584.4012813960862,849,18587.870461669827,0
42,7291.380200459317,653,17446.79698000864,0
29,4188.425654223682,690,10548.203765583325,0
32,9367.269128467797,392,15579.16895882222,1
43,8417.7567392489,593,16237.624764798555,0
58,5296.455395404777,530,15982.507214130623,0
62,3765.5497998459255,434,6269.872862585999,0
43,3421.24123658575,504,20205.75135119739,0
64,7072.531303734154,624,9680.78670172112,0
49,5445.2750202451025,372,12546.684213779401,0
27,7168.3603943535245,464,10243.595988094028,0
33,9467.612144732153,655,13148.805642446743,0
24,4113.310710310978,784,7678.678030195061,0
34,3285.751161235442,648,10874.385367369321,0
40,5846.608422158727,448,12913.785893429133,0
43,7560.567300614135,453,18123.244891260856,0
38,3807.171478385637,721,17519.64239503512,0
39,5562.324529766643,400,17772.76509389663,0
24,7966.078590107782,711,16343.261206311105,0
31,2560.8198907173296,461,21233.37681272497,1
32,5923.572330590379,802,10549.295485913859,0
24,4527.814431522187,593,11211.159098551901,0
26,5723.481863748346,518,11005.285280855993,0
68,6777.611723050639,421,11694.346205010646,0
65,5897.455314198564,488,4818.896442423775,0
25,3681.5996761986607,685,13323.80394133663,0
67,4597.756951179738,580,14480.275122258934,0
40,8067.867364584039,588,10712.966098408231,0
46,6092.079209063377,821,3213.2968146356197,0
35,7012.574429652727,602,12107.152856878834,0
48,5950.531558329476,818,5526.466231929113,0
47,6956.408922835457,785,14136.555433769428,0
69,4786.937038112821,756,12596.558169353952,0
56,4118.4790358186165,398,13086.86063347155,0
52,6874.655888526484,771,6694.816633839074,0
35,7529.273218802001,652,18307.91882760868,0
59,3854.293640566045,421,12851.04597937137,0
56,4463.29933943729,612,7428.813392614348,0
34,5206.192429184368,671,14898.208244294836,0
31,8415.684288968767,571,12488.676930468571,0
48,6513.643819302867,426,21184.585031395727,0
41,3116.643706241404,411,9235.627709226605,1
52,5332.630975138898,820,5762.332809289864,0
61,5057.418239649219,506,13446.733554719902,1
62,3388.1147991929256,643,17061.129345683214,0
51,5311.37454958949,474,23614.845212111504,0
20,4977.93260870853,578,29093.060896845756,0
54,4849.061457489114,689,4239.757720550834,0
60,4766.71353871274,510,11323.811821796393,0
57,8148.508387027847,378,5778.936283213121,0
43,4845.334391019072,463,10763.081063097576,0
40,5589.407901340476,428,24386.218711437574,0
61,5394.223517901887,372,7901.443360439572,0
56,4590.969669338795,455,11890.24328082084,0
32,5643.108518261856,480,9095.69334969818,0
66,5617.631072975974,706,6983.521225525309,0
21,5643.561748418589,826,20963.950011716268,0
46,3953.3803442264416,522,4303.713140938303,1
39,5128.975886945246,613,11587.431308396546,0
42,6868.5793756297435,691,12439.816037615821,0
30,5176.330063515928,722,11834.750556346977,0
35,5791.207442682265,634,10421.455791345297,0
50,5800.666601307439,351,20071.71458458851,0
33,6251.311235321051,582,1440.5940919317636,0
62,6505.571647024859,718,14182.258719098289,0
59,5186.528902451403,600,14404.996662448117,0
61,3859.5964544342264,783,13434.948812007506,0
19,3306.3124083852235,842,7845.780716546034,0
52,7331.835542925446,670,18025.15537825455,0
59,6886.45080634792,457,17774.901145989457,0
51,6668.856431807548,625,7669.556213970671,0
47,6960.166350152813,529,6010.58554044422,0
30,5209.199229473401,562,5044.486836631184,0
30,4375.22244802201,642,13127.025809911016,0
35,3735.2666623635314,421,12233.910196940953,0
49,3539.170006146101,632,10194.460409590845,0
49,7681.885639390595,524,22406.586500162775,0
52,4612.339259642532,472,9694.57817321303,0
56,7398.746324579596,576,12937.499448238505,0
63,5163.605505314828,739,11028.472192922738,0
69,4282.765825163637,793,21815.59017580521,0
46,3530.143364409742,650,2051.663446864286,0
66,4441.32215742205,777,10450.450173477995,0
46,8052.829809231322,432,15071.277440470327,0
61,3548.4218563963377,602,10888.058860860543,0
33,9310.14427866337,495,5478.336909097803,0
61,3986.906630554641,469,12882.985169528645,0
64,6849.909947172242,414,3893.3823026730624,0
27,5238.54767034102,630,15351.174202958797,0
47,4922.992751452866,632,9933.685405366508,0
42,3211.442601174755,740,9092.640208511115,0
56,5322.892631047772,777,17230.780826116887,0
37,3415.0852065411923,455,6983.878994491158,0
22,2473.161220418607,762,4287.667218916234,0
18,5715.2776207914085,828,7447.587052837619,0
47,4356.2384076956405,649,22235.003283867405,0
66,8531.827329024965,456,6981.562087647837,0
20,7300.039087167081,385,13827.61684688089,0
62,8555.377926406185,496,16216.76641957353,0
31,4274.410771885782,611,7301.250326841499,0
47,5745.047932236317,758,7307.727507364234,0
67,1200.0,508,12900.79317476798,0
21,4992.755714763897,614,13126.611087004538,0
35,5677.297026444426,817,18738.08542901154,0
54,5777.286539863189,551,8153.842877923154,0
42,5423.736861024989,770,10113.732439487854,0
65,5619.866629153003,504,26191.981778320634,0
18,1200.0,362,3036.8738378236067,0
63,5961.19930494756,646,2011.5592825720287,0
32,6370.19180547407,733,5084.795121937206,0
26,7908.4457247319315,671,17508.027538220846,0
32,6163.728506698475,847,9808.575338286177,0
66,5264.673279916171,434,9806.766362027027,0
41,7488.895460015749,830,7173.886650289537,0
21,1256.798395720938,629,16592.09152286032,0
29,4573.092644871142,594,5162.231218744902,0
54,4121.542035894319,649,9092.490235027264,0
54,5437.86076030364,711,7371.78784652172,0
60,1542.3529379875035,703,1000.0,0
23,7875.344192038694,665,9608.80525487388,0
56,5050.342180568357,358,11704.104445947778,1
63,6073.834044086081,735,8122.390753107444,0
41,5901.564205107809,596,10658.624873967587,0
28,7772.48181077851,661,10786.869472429422,0
30,2148.489757226715,763,11334.871620178883,0
51,5702.178097845663,627,6729.757523415892,0
42,7563.120869268749,587,6442.5521557379825,0
24,5323.624395902755,552,12234.732505246764,0
69,3787.7150923510567,596,4619.56181098353,0
21,4412.9977918195855,584,10929.374844528767,1
25,4792.7043967484715,430,20177.453118085814,1
37,4202.10994685862,705,11805.882566512717,0
46,5224.939989278753,362,2867.1663116502823,0
68,8214.845325733004,676,12899.091074007401,0
62,4424.743422032531,365,16092.451831153987,0
63,4622.186846297802,830,8023.414677428187,0
27,6327.605051290564,394,10505.233610219106,0
60,5185.3233448650235,670,7611.556104570794,0
51,3107.4667599792115,488,9689.091717092024,0
43,5389.860811997761,675,8672.268416524896,0
58,5321.995421685534,497,14178.34259320746,0
66,7256.221021788676,704,20291.311803043944,0
20,3750.1256832352096,585,12286.077250550325,0
23,7268.1750689597975,540,4291.2871085079205,0
22,5323.904538220102,450,24647.166511020827,0
22,3505.7049923530076,454,14914.49305872203,1
64,3144.199038261528,823,15932.352195319483,0
40,8981.899350235353,599,11681.369248236257,0
66,5212.151158896208,745,13163.645873380266,0
26,7185.707410114878,795,10290.87065558814,0
52,2425.3850897053667,443,16518.479544513248,1
37,10247.850798335021,569,9612.983358258685,0
66,7107.840331060831,824,14446.87210278511,0
59,5040.207614520624,647,16847.0185822853,0
52,4948.901455860082,688,18229.67442888463,0
67,6822.276630945393,802,17159.71348484556,0
35,6718.927036105085,791,6882.0061092011665,0
34,5828.55270471539,482,19863.73091651433,0
41,5519.581764764015,710,15321.294789202177,0
20,6509.92075124665,504,13527.966418056705,0
49,2364.9336044556812,377,14104.383789660744,0
52,4831.705517294345,631,11208.05052744973,0
55,2535.645055072877,824,9666.890682576153,1
30,6588.2662204645085,465,10157.473939219492,0
64,4283.534852140026,654,18440.63644269857,0
42,2671.15945837748,583,12405.259238249491,0
26,4071.1842567658546,754,13408.589425643373,0
21,5768.841162638413,350,12300.709879635977,0
31,5130.588911399542,697,8660.37534804186,0
54,3388.318193741008,589,1265.895339165898,0
51,2431.236516884891,407,15843.600571013238,1
28,5633.079016654904,684,15313.888250736183,0
58,4454.61740784917,532,11942.720565508578,0
20,5035.454722244708,686,6548.811454348029,0
45,5212.566662521061,375,21104.094401700495,0
46,6274.118236915573,817,10294.240477491076,0
26,7024.503703185843,758,13241.257508012988,0
20,5763.716561725198,426,8484.258350359827,0
42,4923.167410432641,766,5251.406818365682,0
51,5544.574368572445,566,14948.164802347026,0
29,4889.373458932681,677,4495.957180874846,0
59,2543.403963460382,674,13145.19214016445,0
26,7465.503108321235,611,13159.716082980825,0
32,7126.189952478047,372,6401.183976735502,0
57,9079.001188445072,593,5517.914904631811,0
42,9604.898751659694,507,8147.821479714479,0
22,3383.163761945031,555,8862.197403310991,1
28,4896.2801433181085,659,4351.327609189181,0
51,10020.771274366256,436,6374.293967642218,0
41,5427.008891951978,616,12379.52552821243,0
32,5939.579624584154,764,21948.1165989297,0
55,2761.966086949757,483,17038.240137928064,0
25,5770.519536838194,616,12802.598818017088,0
22,8977.49267456636,682,17641.70933664059,0
65,7815.926458186352,617,17777.317220163342,0
43,4402.027681266622,799,10475.10028632642,0
35,4786.63054017685,402,13289.479194638594,1
23,3464.379473510326,448,16889.489478582407,0
54,3967.9063475505295,596,17572.362652739692,0
65,2061.618528184354,385,17620.363053062807,1
30,5347.324585612463,750,6864.946314479443,0
45,8218.199223874739,377,17875.257866302865,0
22,6139.777463368749,569,21290.384547674803,0
30,7959.230181938318,755,19467.138749294732,0
34,7431.848921666797,451,6572.389750990216,0
67,4515.74543876927,612,5315.118468182062,0
57,4132.888009468393,620,14326.128413467959,0
62,4201.86779766738,573,19374.16985108205,1
49,2409.288492804312,488,13130.839922584371,0
46,5558.194419032035,629,10825.110839223304,0
68,1200.0,800,11549.05500037742,0
20,6564.5479167154945,635,17102.460999707913,0
57,5629.385684293975,803,10391.962101437077,0
51,6348.591759690712,599,14404.77328366646,0
57,7402.629309306643,671,11348.184493426945,0
44,5857.8302590099365,666,7558.310071647725,0
30,8436.829127778561,427,7166.544421596541,0
62,6619.502459713978,646,14626.546570949818,0
50,4137.17167573111,687,1000.0,0
23,5072.120124137418,656,14396.313669140283,0
41,1429.6761518497538,777,11146.900211479044,0
36,3876.057207150101,700,16730.415649581053,0
33,4814.206469319896,362,15007.320990100718,0
57,6483.292497203798,695,12223.104629003245,0
45,4149.3501486247405,841,6663.176958703614,0
50,3256.724774918025,745,6933.821522078477,0
65,2102.442574585373,431,8775.17473572758,0
58,4426.448466532027,358,16342.971229440078,1
30,9011.533244262273,846,20843.525615775216,0
60,5987.992662814659,562,13649.455819423376,0
62,7191.242942239322,397,9053.90530646224,0
42,3879.9023812043515,398,9574.879298254518,1
59,2667.7904318160067,658,9804.956333780838,0
53,3302.0605646414783,789,17200.57257220632,0
44,5325.164003516253,389,9707.07016106072,0
55,1910.5680817373382,712,11781.565866949506,0
24,3688.1372504624123,629,18723.992743500203,1
22,4444.550765251672,575,9162.61154274164,0
60,3122.334449086058,805,14785.302860150188,0
62,1677.3705688153073,457,16502.27476390144,0
68,6021.376656777564,594,12317.2098768316,0
48,5582.568600792217,604,21770.589003955865,0
40,6902.253761734233,382,20327.26609916128,0
59,3501.2336513456034,372,13315.485415001038,1
27,6867.860937485449,682,7980.915707718812,0
49,8252.747550076394,403,8217.20693980655,0
60,5971.986518026339,658,13063.205954238223,0
47,4402.114669996012,398,6549.847254766053,0
56,5761.145169116639,811,13344.709813746354,0
48,4315.982699267961,427,20440.477718067817,0
35,4016.289596178247,685,12312.433843907562,0
53,6729.8687011059865,782,11905.261139698558,0
19,5249.7094243830425,707,16265.96533088435,0
31,7669.172176210052,471,14624.17779738329,0
30,4703.638619361574,793,6258.446062422781,0
46,4885.885754793981,708,9723.829126261944,0
29,4480.28020858335,439,21469.77161759264,1
56,3483.6698103630306,695,13627.225941382334,0
19,6965.964817509864,542,6967.833464141147,0
49,9434.280996305479,765,11040.771080939725,0
30,4811.990970580927,726,3087.063667235052,0
63,4275.107301384989,812,2712.3898275537704,0
44,4158.417729327237,593,16911.35617685808,1
66,4276.480190319316,498,11977.641652852968,0
58,8469.610635233443,495,14594.384419319282,0
34,4206.735064432195,827,17789.42455792087,0
57,4446.519758398828,665,13697.369288759857,0
48,3267.3623461282505,727,15665.51030888717,1
51,6028.567792953527,490,13286.54552068366,0
41,5378.986788128223,757,18431.99042915232,0
62,3453.0782035553916,635,20867.236697009343,0
52,3892.906724827457,735,12997.853447590449,0
65,8259.280066964004,688,12788.179826364927,0
23,5558.873961283783,460,13600.800058649902,0
36,5683.033711805136,457,11472.373359673355,0
47,5690.176885046911,716,9998.597604951554,0
24,8010.325698780118,630,17241.68047140369,0
27,3618.614147822721,399,10005.351525001617,0
58,4786.488063682382,363,9716.976112196156,0
49,5195.86262800748,483,16491.851270953106,1
51,2401.883514478496,425,16875.547952586872,0
45,3850.945270153582,433,23667.357679484616,0
32,7384.0146891056875,692,18098.319254712096,0
47,6868.384293394211,507,16135.138004154029,0
54,7186.720375183656,635,16856.721143681945,0
46,4439.637599443478,771,11260.581969881747,0
39,4661.748567786094,663,14811.075184491965,0
21,2281.482108931541,443,15048.209662502184,1
37,7177.482176169357,646,9289.639867301983,0
49,7473.974083778972,443,11755.277985283738,0
53,7451.057739764095,406,16761.962031827356,0
67,8387.364256259032,513,11907.453602428825,0
21,6259.79546828183,669,15057.857751498788,0
44,8302.387305784046,846,16483.9874130265,0
34,5139.145703515819,447,16250.716995791036,0
29,2319.3813429900097,365,20653.251508409907,1
39,7049.304419032212,693,9093.592489367973,0
34,2252.999573184348,427,20212.593032432174,0
27,5806.363689088057,695,14371.381430513957,0
18,7219.58284382366,421,16170.240242375496,1
39,6083.665832863355,619,15484.758599109828,0
43,9600.837527048096,636,15231.768425800992,0
35,1961.3278105354398,415,8813.144910144174,0
67,5350.850789435352,717,15986.428295802094,0
31,5531.4198374547805,417,4805.842908160974,0
64,3080.614930871656,542,22476.330282187984,0
46,3423.280976696286,404,13909.09774972294,0
29,3978.7685005121198,817,17799.853333207408,0
53,3520.634870711328,728,15409.086791485872,0
52,5305.609629705038,811,12182.925044831714,0
69,4414.6631797261125,517,9296.252175308986,0
29,6072.235091372215,758,8348.31382994056,0
24,6668.974839165513,374,15896.832571889052,1
46,6547.202127494001,480,15634.960575243982,0
28,4761.772758667439,674,14792.242419364808,0
50,6012.05613303605,451,11411.169000768632,0
23,7363.23204911812,723,14066.179575527856,0
64,6302.016246299481,631,9885.733008296407,0
32,8846.159849998156,645,8595.886613140212,0
49,7267.922176180038,643,10613.37617179035,0
68,8593.13273076723,771,10833.348363721438,0
28,1200.0,801,19321.01315591239,0
40,5674.017018052418,612,5174.849760480939,1
43,4916.921498286007,827,11834.845455066308,0
51,5275.0364854344125,763,15161.731913710517,0
63,4051.0730438125493,469,21927.6725391719,0
51,6213.158920691523,752,8962.828869607276,0
46,2244.9584216486573,580,6420.411463768802,0
21,6226.186353168323,640,15614.993290192124,0
34,4110.919803675028,837,12824.290052363152,0
52,4599.305037783219,510,10896.009584333608,0
30,6289.303185218328,510,14188.139468990656,0
58,5641.7999101594005,427,16309.22103529999,0
56,7397.057640531617,387,15685.199848193834,0
32,3754.8936894772187,743,13508.633321103129,0
46,5354.729826009171,790,18584.02736142098,0
46,7099.791610620072,377,12986.976176321388,0
28,6150.159538752518,811,12215.604424853243,0
69,6266.069656233033,449,15569.458510465642,0
49,7494.4771450898215,643,5697.351885280341,0
19,4768.763592034849,749,15078.776448225582,0
64,4389.704421179912,473,10483.905341127207,1
31,6536.627986478205,754,5350.073045309926,0
37,5231.023325180039,441,14125.92239980808,0
39,7519.966421855887,604,9708.637463531048,0
28,6165.592186807101,446,3927.5785568502533,0
44,4377.968775477529,355,7644.3002545862655,0
20,6109.091248260055,518,20448.256586018564,0
34,3875.1406043994402,732,9216.522655628625,0
61,7204.471243042702,620,13614.841925359322,0
45,2985.125848213327,457,6579.357161781011,0
46,7699.717493553133,736,22504.64298625885,0
38,6077.577720132239,648,12346.68404236244,0
64,5203.790254679187,396,8579.731094494095,0
33,6874.001471680977,448,16425.471599391807,0
54,6420.387959492239,363,22250.99696025007,1
37,7894.68703418451,543,9958.703246333433,0
23,7877.911129036241,506,8479.776182447615,0
36,6134.122799499315,737,23475.803360267582,0
22,3930.812761525161,503,11386.60978120193,1
20,4525.283799196766,464,10816.987981084845,0
18,5371.035605539033,745,1278.0992479717988,0
55,7447.099049911169,607,11831.681279287703,0
32,4678.504369592544,494,5220.270810604373,0
51,4828.707063225755,640,9199.534414259122,0
52,8827.031132681368,359,1928.4918308793985,0
66,5312.262679520092,717,18175.742476853644,0
42,4357.482597520111,563,4666.946237288267,0
41,6897.962851109465,582,2296.246786921898,0
29,5398.958290672747,520,7458.914022411691,0
35,2998.7215058195825,370,18236.682332013166,0
32,7373.645349053273,364,9775.03450232894,0
61,4155.329222741306,768,10443.705925222139,0
33,5578.454077101237,717,14392.244302146479,0
44,5377.349595182758,475,11241.709191921482,0
25,5914.182112245754,690,18189.794106040838,0
63,1556.0666693836038,690,10801.849161846963,0
42,4896.820938161378,562,10883.758775508142,0
34,7524.706708208263,537,23320.966419154494,1
46,7777.801935804977,521,12275.826996019769,0
25,3715.677313047422,829,13152.853208832397,0
32,7157.076836881268,596,10947.871362203841,0
44,4129.426442033949,354,1000.0,0
63,4825.84193310289,580,16364.351724694956,0
67,4920.428140373348,550,20302.6626870393,0
69,5695.8466774697345,722,18278.576584704082,0
24,7302.459621323553,751,9209.591978430662,0
20,5976.2521648524,498,11133.963880894686,0
46,5272.9628314170795,421,13745.936139273586,1
61,7241.160219468788,841,13569.676724826759,0
41,4055.209497579314,849,15404.848784727617,0
20,5361.0086017576905,575,13015.30677448174,0
37,7292.406211079551,423,10193.360733181184,0
63,6452.751181223031,656,12684.728043188847,0
32,4660.652840599158,518,16993.92624145709,1
42,2776.6778201195184,598,26581.392320735897,0
47,6059.544743430661,629,9505.29384254412,0
31,2658.3846365746194,837,13131.02281162035,0
24,5117.497543555903,501,10183.593858607697,0
34,7622.1071186260015,573,13537.758051825334,0
61,6574.165563343329,574,16878.26319394053,0
37,1857.4228395780992,387,10959.381321448538,1
53,5860.812707812571,393,1769.838322413003,0
26,4925.49415371533,534,17142.868616754324,0
55,3207.308678694191,848,12652.095537546558,0
65,6103.038332443784,792,10289.839862673298,0
39,4614.871872176691,590,9173.562371930067,0
19,4626.038730448904,767,13556.024062224333,0
41,5723.281213168097,680,8520.634647086477,0
25,4373.407844377328,700,9104.964800690392,0
28,5672.324500959814,559,5756.906816979122,0
30,4432.0151986661185,372,8588.18439904374,0
34,4530.769370879425,473,15154.318794187608,1
25,7287.273584731951,435,5094.14970519781,0
38,7470.408945484498,392,17760.33671666012,0
35,2424.422355143275,815,6105.233735799784,0
47,6844.731118923794,389,12749.679069045042,1
35,8017.46380832699,652,14424.744038007198,0
63,8303.278271326437,518,16123.20976799856,0
64,6436.683506593214,524,16124.459642414175,0
48,3596.683856060985,836,11579.865715121563,0
55,6633.965512625562,369,11142.241804758578,0
49,3935.34576061135,810,14982.671657458672,0
28,4882.662700918023,458,13390.13651669715,0
62,6189.547882680674,542,10270.892884644778,0
42,4051.4331760862697,593,13854.86279234308,0
50,3436.4794479079883,673,11164.360742170014,0
55,6338.391973283482,629,8997.322956694527,0
58,8861.003567762167,577,10108.297397740018,0
25,7737.821794863035,385,14432.094159246404,0
28,6772.935133090171,394,7359.561924693627,0
39,7262.533784061519,735,17531.67846740499,0
68,6647.8950949274495,377,9213.63206818065,0
41,6309.820412936907,503,1000.0,0
58,7117.512111277565,372,14762.71158532358,0
34,3036.9464343027603,556,1000.0,0
29,5859.073538997243,769,6940.404681113268,0
63,5354.293228761082,440,24112.282114606198,0
49,5642.025096060214,739,17299.965597019913,0
32,4669.530013455778,768,16886.878792772066,0
33,6436.8781205936175,708,6405.90357995418,0
39,4027.7295825623073,387,11066.847519684301,0
45,4539.061127094338,768,18207.14975938616,0
37,4323.0161554262195,577,15198.187870576694,0
50,7055.103947085764,551,17679.284724895537,0
27,5478.897694223452,699,20907.67565608822,0
57,4670.5017883658265,658,15300.54937849951,0
49,4827.826548970875,838,5846.580589498032,0
67,5506.985110024732,603,14991.909387900589,0
50,8419.914853965736,387,10822.345835695629,0
19,3274.263394575991,570,5545.700837015787,0
50,6715.917995823614,849,16472.788837882537,0
50,6349.352208455814,536,18010.364224868325,0
58,3910.6622827958035,392,11530.502232123978,0
30,8140.371922278436,708,13602.380761302335,0
47,6470.704811585218,463,1636.6552484299955,0
50,4586.080054186438,609,17618.865541743016,0
30,2153.056013296732,354,15966.306698639819,0
69,5912.464302098402,417,13251.119570600033,0
43,5419.45794743923,577,5737.752119081548,0
39,3644.7167237209856,472,3778.127793814303,0
56,3621.4940617558536,522,22132.877068056336,0
19,7063.317760815109,685,7002.147438566441,0
55,1979.7491668222087,502,12670.920711450532,0
56,6065.708959131465,811,7156.538311302352,0
43,5162.613444440449,616,1000.0,0
63,6394.8786910361905,506,14240.034998270014,0
67,4970.250982251638,511,15019.30299416883,1
32,6027.894937468566,563,3656.014888162941,0
51,4163.005279848323,747,17541.426102222344,0
59,5411.431150887936,725,9366.991358557694,0
61,6380.350980671336,757,6587.047961679752,0
66,5771.569368295846,792,6259.093348259225,0
57,6184.55231632278,772,16356.13099048555,0
28,3829.741660987036,375,2381.309649287261,0
20,4436.785788607266,776,5789.139863037658,0
23,4467.988289411299,641,14157.998205740763,0
26,5002.318439943845,772,13493.387707622063,0
23,7945.449165312091,538,6890.091713261784,0
26,4862.478240035738,749,18431.703573197046,0
56,3441.5929724220996,471,6434.667544786251,0
48,6474.962238131066,579,10957.263146712054,0
49,7923.958176582067,408,10295.355572824219,0
58,3229.8186666658435,445,10314.675871602118,0
67,9051.059358492563,611,11023.346460680104,0
29,6247.31788418153,703,10874.007475647908,0
25,7361.0034203231035,661,10812.42916105442,0
25,8140.728943077967,485,11090.364212223103,0
67,7250.711756873936,699,17426.7856215594,0
45,5301.0359253861725,632,10837.931939414522,0
37,7691.856659544547,804,15459.730139221132,0
64,5958.279585767655,760,12743.61295377019,0
24,7462.872504833751,822,13831.152438124993,0
28,7659.77587080523,469,15889.55617706311,0
37,3536.3861380490166,779,6298.640049008331,0
33,6929.742037558612,774,15136.999634845375,0
21,5172.594546675931,812,10939.229603914107,0
23,5748.743146211226,374,7194.970004378889,0
39,5728.766947917035,691,15878.900147611625,0
43,5656.546391635645,495,9873.020097209286,0
20,8242.34556201227,361,13887.473825324569,0
58,3040.394271590686,436,1000.0,0
59,2399.7819576343854,784,15630.413661284794,1
31,2020.077871001968,458,24950.46088877134,1
28,7424.459675084645,772,11961.67593471266,0
35,4107.812514638212,694,10682.225052288883,0
29,5737.935645126795,615,9693.544889801451,0
40,5293.509176575758,571,14777.981057858351,0
29,3904.5247468480356,423,10479.470675883435,0
30,7032.659027600257,831,15237.792071968104,0
42,5270.5666572087075,843,20612.240334378064,0
62,5072.076861330907,682,16205.194802741387,0
68,5919.168353932452,659,11126.668556607261,0
36,6797.389752708791,762,6422.622487944667,0
63,3773.842761637994,451,9958.90577321542,0
53,7071.253025199916,774,11196.56717159867,0
62,8109.73633559203,842,5407.003197690657,0
25,2932.9797362298827,486,17434.67608916342,0
46,6000.938162430097,540,14845.431447449584,0
49,4951.140017756811,810,6757.043528618552,0
68,6758.615045296252,770,3103.923063352022,0
61,3310.013417451668,491,15589.259553176815,0
35,8432.088806158436,706,3783.28545180169,0
23,2605.7893484276756,422,12419.662485270414,0
35,5060.294308402239,677,9952.402656112652,0
36,6281.732936791648,516,15999.887339570316,0
39,4264.593675517315,517,16057.826098537618,0
54,3981.8772127773327,403,7893.620899808403,0
49,5900.024145934944,608,16439.832258159768,0
58,5639.967855983945,788,10552.670393382485,0
20,5510.688704947269,460,12094.819690829287,0
45,7045.639320638127,581,12197.298381276827,0
27,4789.949151829562,510,23240.8348050292,0
68,6075.266769631008,701,11403.014569809944,0
52,4588.1149451035335,676,3640.4853274565885,0
46,3971.2069255070655,368,8426.432494293187,0
32,4987.434468717966,639,15690.22264695786,0
50,4602.222663051463,811,10579.660199180027,0
24,4692.153157906993,399,12074.780704160103,0
29,7597.589352043891,524,9840.240850420327,0
66,5042.613782736003,651,1000.0,0
47,4306.767989896243,533,8109.96545630077,0
38,5550.541793286383,534,11613.538954595768,0
48,5687.610290431134,688,3152.626106215086,0
41,3363.6137867306716,656,6105.786553762277,0
37,4962.868710537082,659,10299.986621189406,0
54,4890.368216622525,695,10343.424106850363,0
21,5190.1403073247475,430,13972.109394724472,1
45,6805.951071468374,723,10615.714539017505,0
61,5746.009368093189,505,13788.16886779518,0
37,7710.287225293595,624,8499.795524667792,0
41,5479.011359400132,632,13057.839499683367,0
67,8696.957104684116,781,19355.57574014223,0
66,4670.604975283025,849,13444.83350483451,0
68,4114.787713902777,598,10824.920853137723,0
49,6485.144814598553,496,7286.3193890677485,0
58,7955.347487437031,830,12434.87704960888,0
53,3018.1540517465924,784,10910.02704534637,0
51,5145.416833214233,356,14809.993260258972,0
53,4400.592498845433,506,2890.4266038111273,0
19,5757.131823385744,520,11059.464841390369,1
32,5518.032262298929,418,14096.404389550857,0
51,7921.686245729898,443,12646.91216504045,0
53,5304.871372825391,718,10337.401975835932,0
23,7974.611378146412,712,10268.234881700817,0
56,4932.819395166365,725,6505.765870108297,0
59,7167.6673751893895,535,13894.359428446374,0
68,5911.593450646094,741,14124.426516967374,0
68,8613.7937176302,519,4934.474051019863,0
29,2841.3732469340293,553,15823.187558105086,1
20,3405.056108032316,391,8726.956317332928,0
62,8796.920112385096,362,10120.033091997891,0
35,4180.122831724563,503,21269.482228475823,1
57,4294.353955463449,623,20009.599346439147,0
38,3923.697546100262,647,4767.012742151385,0
32,7567.202721760703,400,5605.015320851122,0
50,3243.776296194776,849,6745.048134514821,0
52,5540.41074209979,718,19931.12266105042,0
43,5021.880720795032,561,8963.95565203568,0
25,7365.728050307982,493,4629.1952610504195,0
53,4485.371207803039,706,18162.232744845838,0
65,6247.490642403893,352,14969.703376276964,0
47,3391.8108879209144,603,23254.691542654306,0
40,9593.093869618962,824,14959.657021991088,0
59,5068.7338156233245,684,11840.58553120311,0
61,5515.774272793661,605,13263.50504474904,0
31,8478.557845930976,447,9735.02670362355,0
31,4443.989006250623,522,18527.47933187651,0
19,8501.28821728951,499,18791.378675980948,0
54,4759.351886551671,837,4085.3963003942035,0
22,6709.0567308782665,628,16712.635637288207,0
55,4469.173047713262,408,6644.656311295743,0
62,3059.134398739478,795,24068.680677321216,0
58,6246.269830973109,462,19585.215429773976,0
64,6651.826121770359,673,6309.86466155779,0
31,3131.4056638127704,592,13194.99374241043,0
56,4947.2950259643185,659,16965.431913663397,0
42,7661.3661307664315,406,8881.536934199505,0
37,6580.214111433898,838,5168.285200803791,0
19,4788.612996788708,756,12508.931641013249,0
56,4424.45373705798,716,11203.179567023624,0
23,9006.839785242599,409,7428.597079964648,0
34,2895.5222743548557,678,18180.460056089334,0
42,5393.442566064516,565,5555.227287563658,0
45,2863.5456273509003,818,11460.675007535268,0
19,7866.666360719706,582,12909.131437901291,0
52,5487.177498024994,843,13544.861997574155,0
54,5820.713352584982,404,17653.366053319445,0
22,10484.006157329695,722,10799.818419996716,0
18,4431.749183674492,557,1000.0,0
57,8647.43664530536,412,10066.113885651934,0
29,4796.682554065261,533,15628.316333278231,0
53,5079.677576347183,660,11279.247039895505,0
62,10248.71546191708,630,11316.254780813611,0
40,5210.037320928988,375,14631.066607879926,1
64,3026.131472268554,526,15290.216803652022,0
48,6007.453818627362,412,3068.065940889892,0
28,5189.073714699392,778,11906.57934562664,0
27,6160.772515120949,422,11023.928894190884,0
20,5259.523972010015,684,12375.596880308767,1
31,9487.980309168575,516,2151.2191190347785,0
33,6502.124509904685,574,18615.42626405428,0
27,3565.0636700935274,414,12033.619160664246,0
46,5724.184243642938,418,14124.961700232197,0
27,4060.6663164993297,789,20829.92107003918,0
29,5054.115083494683,358,14173.263987002503,1
47,3861.2067209797187,585,4300.465485172704,0
58,9292.813341770841,547,11567.781645242689,0
18,4255.507692679201,761,15374.440464574142,0
22,6737.615833589446,522,12283.143569282869,0
37,4917.737040622071,631,20534.10735177245,0
25,3414.8562893689777,377,7720.189206371345,0
60,5855.768745219112,645,18225.612609938282,0
29,6221.245306754272,748,16195.33744479928,0
18,6505.527758958125,483,12443.833429272274,1
37,1200.0,376,13656.646260304038,1
45,3277.277715395636,387,7111.557309737023,0
60,7223.5984942393925,545,10463.71732465553,0
54,3837.5074673041745,552,14885.587528190714,0
64,5865.2992905582,434,11254.414283924436,0
54,3235.555548588186,669,12301.19354639367,0
29,6816.881983885192,379,16962.21648329143,0
54,7176.2852727920335,815,2463.7810813706274,0
66,6817.43783111026,448,13846.923970166667,0
66,7358.602262236475,736,20882.69257216714,0
61,8315.02026081916,539,10115.666752701256,0
45,3386.6665631038454,361,5778.604883676479,0
64,4080.3905239275473,440,10054.53323519873,0
32,7115.578426546831,379,4414.58662817028,0
23,7534.395589307466,562,13128.425363699855,0
61,4286.182683570534,387,11631.529840224066,1
37,4161.005082413949,690,13593.659260514816,0
67,4326.01571812509,409,11343.821953267283,0
31,2610.8290647208973,643,12979.475589218342,1
19,3211.4598720866643,709,14252.4196237576,0
26,3254.873238945724,492,6011.762409082835,0
54,4970.62274714986,751,13730.42509357276,0
37,5987.505728501118,529,19241.035360977534,0
43,6280.25109695627,634,7191.388610544345,0
46,4584.587944103774,461,13541.63241369781,0
18,4628.823190694418,579,18473.494238189764,1
52,5722.59069127227,793,6224.773572473651,0
23,2807.1737971310313,370,15989.273172710149,0
54,7226.99295774956,494,10889.879295240795,0
22,7813.693502225688,838,17056.68977740841,0
50,4373.954852161529,848,7877.713989544094,0
66,4782.8149131721975,495,11954.7239630887,0
68,7737.962004721305,790,4407.5547643592145,0
31,5278.507136218181,724,14186.444555853832,0
29,6558.841802712934,770,14243.683641130427,0
59,5333.8502911586065,665,14704.012101993489,0
37,8301.353299264494,515,14457.998251292593,0
67,6382.143330852692,489,11544.623247448013,0
41,6485.780389454546,552,4611.851705087905,0
60,6519.351769720456,845,16960.3889433132,0
51,4500.795274610118,593,11807.828701305996,0
42,4666.1695535394365,462,13967.42004600533,0
67,6884.642151207955,817,11073.921461433829,0
46,5727.543092980512,550,21793.801864801302,0
56,3380.3001859388087,734,9161.756786425256,0
48,8871.587964324604,663,8969.446669951465,0
64,7260.52936113478,608,4191.7806974806335,0
60,5567.727382921034,604,12564.56799869663,0
67,5007.698232760063,796,21292.035322693402,0
40,5857.616543554149,754,12625.188367643439,0
61,6431.536178483369,372,13135.576921389216,0
55,1840.5986757939145,742,16866.070530670433,0
37,9302.229477074357,595,12810.48277638629,0
40,4078.2082434995446,688,17996.44801533431,0
62,5496.569860620237,842,18738.712250435205,0
69,5562.760389002463,660,9035.04002976337,0
33,9094.330393639932,715,4847.8491390360605,0
67,5341.377086187949,721,15447.948429881553,0
59,8359.313129836533,752,13613.156998127968,0
25,6232.109445030005,667,6770.698938099109,0
67,3768.6072480292914,436,8609.810026030902,0
38,5742.473442585048,568,8594.283939766883,0
18,5286.684300913158,824,12737.29149789331,0
25,3548.6731271723875,772,16986.925235719616,0
46,6143.900985050035,705,17266.865695502853,0
49,5539.78494972974,809,15954.115606272031,0
55,6501.559069825373,376,10539.562729296666,0
22,5848.035003276967,779,23100.562425344946,0
64,4328.014785374673,639,12166.102329116153,0
39,6883.001186122567,638,10055.953295415502,0
64,4376.083095543558,697,5169.667500817298,0
51,1200.0,572,10262.30136423808,0
18,5731.575306317591,701,14193.86704127525,0
43,4502.6672909788185,527,4068.803744129178,0
60,6187.8349079139425,497,7229.443701985501,0
27,9097.969124691486,773,9663.293868264675,0
47,9149.931447666504,576,8123.050699008578,1
67,5202.778740000688,700,7710.640001054074,0
35,4012.2726917571,535,17623.070556150073,0
34,6552.42990745226,764,3746.602406213202,0
43,4833.593934640562,643,12876.849384236613,1
25,6205.197740224497,819,14595.392798806944,0
64,4310.450627991662,778,9579.556540670052,0
57,5951.246348840954,390,10865.25465228487,0
66,4038.446525871743,742,11797.265201215881,0
29,7631.656148856639,849,15171.531331651666,0
44,4438.040156645297,742,19653.455834611865,0
25,6689.984564322945,540,5577.518607239387,0
42,3223.418890266066,428,7418.7019778986505,1
63,6906.112941899244,554,7670.456156112108,0
21,3760.508675317239,733,11937.16707849797,0
50,5970.118252554116,627,10001.09717370627,0
18,7341.761752026376,621,15332.122358429184,0
36,5140.030782597797,381,8717.54113575698,0
48,3647.49956065732,799,7558.748671102367,0
33,6394.262512844658,823,8184.312541684296,0
31,3986.2334818242134,491,12578.444079566207,0
65,4772.357921444988,600,16819.615577439225,0
22,5977.832787092309,643,11777.824027014854,0
58,7949.216864993869,447,9209.19212602812,0
43,5547.796036839044,485,6844.814668218821,0
45,5541.143517721222,833,19308.169096022957,0
19,6827.523208521132,626,3195.1753665914166,0
67,5590.669414011394,661,11069.634096881458,0
23,6643.954359699216,651,15698.62438167899,0
26,7441.360382913304,392,11000.704100172761,0
50,4910.073129517601,469,9168.390404477554,0
58,1200.0,569,14678.28907552425,0
42,4027.7312315461604,395,6531.090732528568,1
65,7675.627619503545,585,3296.047956854987,0
30,5439.2233934842225,397,13765.821474406133,0
26,4889.565512329782,547,7024.087007930304,0
30,7600.2129877657735,433,12658.593844403204,0
48,5317.615150786188,380,11383.670523564953,1
58,1733.4402296515195,510,13305.226971237587,0
28,2790.4562901849818,777,10864.600309418915,0
21,6253.56643747043,420,14757.593282993092,0
51,5379.596305129492,357,8482.258615856896,0
55,8118.381661892599,806,15906.191962256844,0
63,4180.116369152482,735,5911.88278619798,0
21,4942.89862839317,750,17863.119912612205,0
55,3907.8944684919643,401,22258.230955022205,0
36,4562.930480175185,394,12540.557055162322,0
23,2094.572977743477,642,19845.868091277516,1
51,4805.767604709043,775,21142.04231279601,0
35,5406.636045214176,649,10395.328146350637,0
30,5254.604483561769,814,12239.32448521278,0
58,9369.195874719057,722,7929.412465295205,0
40,8800.272238918566,387,8251.960621717866,0
36,4148.380952270047,704,13164.35021174183,0
62,1820.9139496253274,729,3820.8597524661227,0
28,5321.439364723198,844,16173.916468266747,0
18,6177.718248707117,580,12836.423836039283,0
41,3951.128667910896,827,15406.659291030941,0
24,4040.243858933699,611,11089.843941833597,0
42,8348.598944762558,417,15362.634796941671,0
38,5036.407171938453,528,13238.226331061303,0
32,6692.05033425233,706,14536.124912688821,0
18,3825.449743861999,768,16508.561085961475,0
29,5397.507174295372,535,5675.255530564663,0
24,4894.590963457877,790,8484.626714116066,0
32,4284.328170154082,550,23574.107958880544,1
38,7579.540740739047,739,13036.362829173488,0
36,3000.0213826605745,362,3416.013148785849,0
46,6040.102285920321,792,3443.7877443245598,0
42,4860.781020117102,563,11625.0434939437,0
50,6246.684067664573,569,9384.81566336309,0
66,4885.162062006956,635,7968.14077971615,0
49,7060.947511454091,593,20965.72567152048,0
66,3808.5353231461268,705,10154.43490038618,0
52,7583.595745015562,607,16104.863961011331,0
61,5448.155149586041,407,13250.623988545114,0
55,3108.6954477727777,385,10525.553426484945,0
43,6724.387820625082,677,6291.377478425246,0
28,5142.070461668228,778,15846.157770063248,0
52,2425.8917329488204,839,1000.0,0
25,6098.442550765966,847,16353.387374870905,0
63,7311.87228749986,742,12756.427689102295,0
31,7807.844332648236,731,15092.883812117843,0
27,4818.96661132042,542,12038.81508393711,0
19,5761.572499586328,682,5828.279352040042,0
63,5590.965417027241,399,14007.733624705816,0
26,8181.644736828435,812,16244.499577672192,0
20,4041.1205517280296,381,9604.255928476296,1
38,4663.612986031825,447,15286.960239575244,0
43,3997.5034429903485,392,13482.758166678628,0
25,2891.5290583968035,730,14252.760751053995,0
65,5946.016925893748,700,7702.326508669136,0
19,8382.336997199658,683,18410.81347974488,0
23,5142.72797467289,659,13480.154875613509,0
45,3912.586081222358,396,16158.548791757687,0
46,5836.347464017723,619,10059.250435804852,0
43,6560.412721790781,781,16911.454091907253,0
42,5218.54635261417,660,9890.288571562745,0
29,8026.363597517518,762,7541.218774044598,0
22,4037.7485902824606,780,20859.212117793097,0
51,4983.454654277747,412,1000.0,0
65,6032.778228717331,368,26949.446718535295,0
54,6207.334754712088,696,15508.700995918283,0
32,5585.01056613669,742,10425.955508082969,0
61,3198.8441397571332,450,13630.379234206695,0
53,9708.420527571394,386,15511.657286147592,0
32,5075.25415291702,456,10337.749108688238,0
60,5698.481533452382,441,22176.21447088102,0
65,6610.169967711365,657,19377.822430750017,0
40,4354.290347230847,534,25634.133973309872,0
23,5602.467557567396,565,5892.793568516952,0
63,4281.05757222407,377,13076.525435099004,0
67,6247.991334653616,385,5064.938080835048,1
61,5003.159232599975,721,6542.638308496927,0
60,5983.693349148403,669,10368.6626636606,0
62,3616.2327763259173,367,10459.107496716404,0
38,4007.9504187888297,694,13849.518501071696,0
40,3042.7467816577564,768,11446.709414548643,0
60,4221.045857212826,545,15999.872812550879,0
33,1200.0,427,13594.525208766077,1
64,4947.219629761912,516,20237.66574446758,0
32,4538.367510466733,439,16144.017800633928,0
42,5771.639734525125,613,6105.197100044309,0
53,5580.293903981721,821,11272.560026613537,0
28,7762.743583265927,557,11609.945292627075,0
68,10169.7583325934,561,14199.523718854569,0
32,7547.570223671142,620,17376.395479177365,0
21,4684.406339124842,612,13413.020893585595,0
38,4611.896650522198,622,14890.809531430214,0
30,7063.593476240287,691,6328.865049406825,0
39,2469.979549768902,563,9703.991678077902,0
36,4932.634732905738,723,2439.3899355307512,0
51,5071.324716921055,413,14209.746657849497,1
31,6551.436672673861,361,16207.489531094709,0
21,6604.959423053405,559,5405.081500172522,0
65,4159.791027292547,661,12792.239355845844,0
69,4754.129208930669,523,11488.610663697576,0
63,6301.187658698872,780,20442.199367536945,0
44,4061.9428193462236,605,7528.149397286573,0
46,7671.01318259371,812,16590.787077440367,0
64,6596.515420192434,450,17715.361968558347,0
45,5808.717186750718,365,11025.243550410663,0
52,6203.693076905655,546,13462.484656476692,0
25,4659.596889506561,607,17387.284798728622,0
33,4372.675440062287,733,6502.4846632905455,0
59,4735.500010950303,593,9864.248229088898,0
53,6399.940046067729,697,12931.19355389022,0
47,5861.826965275576,598,22320.12578420102,0
35,4739.113972553122,454,10001.145769726008,0
19,6849.247137953779,531,10656.727395367201,0
66,5186.896439794923,504,19735.44210360301,0
30,4252.040657939498,636,15314.895190475108,0
21,5957.814716737337,518,22912.724338215234,1
43,3676.546879078892,769,17466.226768450317,0
42,2462.9972501157376,396,11269.967715495852,0
47,5490.811763982525,392,10558.718650030934,0
28,4316.65517132041,670,7877.028003476586,0
24,5042.522165194271,655,5474.877071846488,0
48,3759.88074733999,570,13704.078124863601,0
61,7676.077851464626,350,15134.720818015896,0
27,4309.313060929351,549,15737.005974579522,0
56,4722.401119292542,790,11382.613585641979,0
30,6180.1898816498215,493,21650.57351078465,0
48,3022.0942630191707,727,5207.774906851363,0
24,2889.0104081523323,377,4641.653280625158,1
66,6185.715104248143,691,7901.892027288374,0
59,4699.094265168095,687,12029.770099390907,0
59,3877.30880759052,627,6514.419465059277,0
53,6586.071711305176,390,18734.69431052818,0
37,4038.5410136056125,681,8305.173033886425,0
21,5005.8778608119355,496,7412.300943801332,0
24,3886.965157649477,694,17275.394631348237,0
18,6046.186935249683,527,13037.179023902701,0
61,7897.737146890193,664,15923.506246433823,0
62,2150.1281272021934,674,11762.0411994151,0
59,5702.783839751162,767,13358.766323800124,1
64,7041.859195395431,516,4832.252738648059,0
30,4741.340054849608,472,11260.798694354207,0
39,3464.1237262674067,423,6759.719154321295,0
38,6257.734348829326,588,21771.957399569183,0
39,7302.97630607878,598,18464.107022041062,1
45,7102.939919761843,612,8730.381547368848,0
26,6158.63680824669,601,10962.222054204021,0
43,5676.244727695555,706,11197.90444991822,0
26,3881.7774003082577,460,22769.78283020555,0
32,7057.440910619096,529,13981.991509282687,0
27,6957.922264034513,537,9860.661996900903,0
41,3451.4950264205195,657,12733.425882744732,0
59,6156.063510123684,556,4315.045313527359,0
25,6675.082975935613,583,11631.633450266752,0
41,7087.804789735912,373,6595.529578372971,1
33,5365.018685571003,375,2761.669879848834,0
66,3956.378366536941,730,21932.870625357653,0
43,4596.190876244718,567,11865.035005309188,0
44,3686.950254779269,843,8142.067166998879,0
54,5408.090802793032,695,3514.103649926823,0
21,5055.606286176358,727,10894.420177631488,1
67,9361.065557383674,359,11254.11674025701,0
41,7110.418856388637,366,15825.258467815409,0
36,7245.186520400374,594,7230.828963946309,0
53,6348.434483489912,555,9331.209291366278,0
56,4838.828235996668,607,7377.042330276204,0
27,5004.298074127467,461,10909.750131399618,0
42,5169.035260330083,554,2035.0301892108782,0
35,5838.819890862041,376,7978.995626877982,1
36,6200.505658402207,806,15148.58106480685,0
53,5501.275529824939,420,5872.776718372726,0
27,4976.92274078236,525,16997.529478998422,1
50,4430.591865121628,551,16366.808658141334,0
67,2993.2322359901436,597,16785.117119194292,0
22,7810.082497083972,467,11977.384297457822,0
64,9469.953222877746,358,11527.999012278991,0
66,7658.806205670851,435,13598.046475956646,0
52,3233.681873324657,372,18601.334300164617,1
61,6916.629825353605,804,18146.385549300332,0
51,7342.797342917469,589,3688.823640094535,0
50,4773.812142481555,422,7628.476429652054,0
38,6380.069031350252,376,6730.301884053347,0
34,4678.654541459285,821,15633.864891430932,0
39,8252.072190664732,698,8603.573765177569,0
65,6157.667659987565,430,10983.04663566635,0
54,3849.120115532113,433,20539.74274778053,1
32,6705.654576416809,548,17604.40491148387,0
52,7405.805212282446,392,18880.99471227473,0
45,5856.6369720445755,837,8415.229803900214,0
24,6362.995045137883,612,1000.0,0
49,5374.443827388164,441,10022.376491929785,0
28,3458.2951843367796,688,4800.255782355973,0
27,5226.879234843086,796,2279.7528518537674,0
26,6441.471339334405,433,17643.364134866344,0
31,5269.551637630172,649,7540.756436361431,0
30,6941.377768131264,772,7967.188001073524,0
42,4794.073189844348,645,10171.180933418838,0
19,4912.136510588511,484,20232.472395194207,1
52,6996.015996389028,803,11191.928696459196,0
24,5899.334530245481,630,16757.94793114795,0
38,4758.901153919935,838,10423.270463467403,0
35,7360.849676815524,408,4097.690593182352,0
20,4260.27570768905,746,6050.819709200528,0
59,4191.491873768772,708,11981.067168158183,0
56,1200.0,837,12538.177807515121,0
58,4502.856612560595,691,14713.54965622688,0
66,7855.690022060108,590,14715.624078500012,0
28,1769.87316488961,814,16500.813667222406,0
56,3786.5437475874087,717,8154.239977233012,0
41,6290.323400602306,691,21136.093628601586,0
63,1459.23980699309,447,21593.787618583217,0
36,4580.742495682423,411,9397.321642582245,0
21,7553.553788099343,613,8030.403588414976,0
43,9177.446443328181,462,3075.951739716689,0
55,6022.443818200658,778,12854.445635784192,0
59,3832.359367165989,495,14262.185193454716,0
49,3771.7682704330914,565,9103.365940563945,0
56,5760.834344795628,605,13413.822832737913,0
62,6005.733978097178,665,5060.932446026488,0
63,8844.271768104849,665,16838.368876041022,0
53,7247.448734566966,711,9345.110679774265,0
57,5651.391678199283,607,13443.798267760343,0
54,4896.626944133046,543,13050.78523529977,0
50,10926.481076743978,696,2197.7908731582847,0
53,6627.870639992612,363,16170.162331363843,0
20,4296.246915560419,653,8077.7833346718035,0
26,5095.678737535341,452,13012.523383011476,0
25,3920.5814679944197,594,4950.5980770833685,0
50,1200.0,594,9603.114061292948,0
23,6062.771784173181,661,13816.244334654772,0
58,8708.417589803166,617,6603.4860633612925,0
56,2564.997035954853,573,6877.369282123457,0
21,5599.472672582232,569,12625.340571302428,1
30,4227.571397552325,660,11162.42772606295,0
66,6438.704546025734,761,13746.523075164063,0
19,5189.8057178957815,715,10160.963391927033,0
22,3051.901622048318,566,15207.492892644306,0
61,3734.013314890476,353,9165.222878560971,1
44,4005.459042428426,823,14985.322928770296,0
49,7919.772774376974,385,7466.091078651375,0
38,7827.866698474272,527,8945.045223911526,0
25,4939.573803197144,736,15653.354530316128,1
55,7710.046180212424,606,9428.096992545616,0
25,5188.269089086886,366,6143.8483151402115,0
67,4912.0070347896635,548,20650.579366855927,0
20,5602.812112992115,667,11824.3333269092,0
61,6012.685501522546,397,14357.260385939902,0
20,4500.199372842997,411,1000.0,0
39,5539.358335928001,418,18659.042897706197,0
23,6917.180510163742,496,25231.154616322572,0
19,5733.171350570885,708,18210.912268467848,0
40,5577.009223823776,715,18923.513515013907,0
61,6389.524385705431,511,9956.150594471294,0
19,6700.070909545497,576,13259.115073310175,0
55,5387.29152649674,782,14440.385762599482,0
34,4646.474097259332,813,8511.949804242575,0
52,5840.565946253623,837,11379.702857538581,0
51,2630.865286318061,847,6995.034572787289,0
40,5121.420408093061,780,10022.468849353949,0
47,1200.0,836,16204.457851935596,0
69,2483.574789814299,696,3171.187672409471,0
25,2212.865471049921,838,16765.518038295762,0
39,7385.2331364154925,579,4113.196964034187,0
61,5525.167268744784,719,12262.281336017011,0
53,3228.311758210598,527,12717.175685026827,0
22,6383.918878201642,694,14864.081109544606,0
30,7279.578062859733,759,11097.298835930183,0
46,6415.274001065272,405,6776.527594527057,0
48,5160.321768713345,427,12922.547231509314,0
64,5918.475913154861,619,22862.52794587276,0
33,7122.693759656918,555,11927.954206660112,0
59,4655.357492207219,630,7593.117178760327,0
47,5553.760461864086,577,9664.282778655686,0
33,5037.0525197084235,737,12751.189848986964,0
29,2595.8514652255258,588,10656.893576732167,0
34,7149.822725159743,812,9962.092862014853,0
33,9203.089356989218,637,18637.160586653303,0
29,3927.1696817658585,431,14586.408582441189,0
25,7232.824422795338,683,11407.403180846642,0
37,3984.4111964291187,599,11445.70710689381,0
20,5739.018067138716,542,12865.894157672576,0
33,8214.422092821598,455,14801.571725652395,0
47,4563.2098262942,538,18411.57478244247,0
62,5473.564454094628,625,9940.438564828626,0
40,2257.294606285462,423,7027.894170958799,0
45,4304.432180896783,359,9219.461561784321,1
68,2068.7098203987293,472,7622.038946614562,0
57,6272.520615774997,565,4369.962729250628,0
22,6996.947606112839,639,19052.997080048917,0
37,5101.057204172552,794,16272.9306256628,0
57,6014.596541062227,825,1000.0,0
61,4913.685180549195,760,13089.734339800412,0
18,6832.981658573985,389,10116.326902920402,0
47,5733.031483225358,542,9520.458351479352,0
38,1925.8059595535933,476,1000.0,1
37,7191.965472567076,638,11873.782899660218,0
23,4798.822969750324,801,12384.65295605214,0
39,3213.316951824872,420,6115.522266686483,0
35,4709.9188497807945,486,20113.730769952075,0
25,2076.274632616409,493,15956.745653966844,0
56,3250.199239769722,738,6668.318650392679,0
49,5757.3092982077,703,17115.251867350715,0
50,5908.081035413019,729,9672.230056564838,0
33,6051.589901659303,756,17275.5416035746,0
29,5505.777761974296,648,4785.512278318713,0
55,4252.842777750378,719,12850.308612529092,0
69,5401.973548970983,694,5918.649810842325,0
51,4713.026595493807,790,7813.137688320755,0
31,2573.5931234646687,784,2341.6770982390935,0
53,4109.653016180941,618,5827.721084370559,0
50,7101.174216104244,733,5798.518445736654,0
40,8358.9294736989,757,5173.246342198434,0
67,6672.2950794136395,488,12943.073281068138,0
62,8278.655969786345,401,3169.051262359366,0
19,5653.699498242925,848,13494.051785712756,0
58,8636.27695246457,366,17029.45515884573,0
38,9198.079192591445,514,7554.723424722511,0
19,2379.7549035348616,362,11575.262593526932,0
44,5898.687952839099,539,10321.78007856309,0
26,5655.574340357576,824,9942.428774451197,0
18,4736.613131948621,689,1000.0,0
28,6385.447968672496,702,6365.955131962332,0
20,5574.025123555379,711,19307.130592886075,1
69,4176.191943294322,701,13619.218617058134,0
40,5452.110810933434,613,10793.124137855852,0
43,7668.270242863102,661,1896.328607799629,0
21,5828.568574388816,570,14965.842382844487,0
35,6628.518546861038,453,7441.7343134466255,0
23,5001.3044194976355,688,5812.657889501785,0
52,6313.715218272907,547,6313.881797988409,0
39,3323.4138451302765,649,14553.23704035334,0
60,4600.503101044374,793,11645.19162761923,0
32,5315.1965045813295,708,16322.986083614844,0
39,3202.5953428722323,717,17628.606190647726,0
54,4005.6099059939097,518,8302.66111721704,1
69,6063.601183433005,498,11786.523856933338,0
59,5733.697449318458,598,10484.918704140786,0
29,6951.457764383876,605,5191.0106812681715,0
64,4419.080167266705,819,5910.404307340016,0
66,5603.684006809434,391,11179.14050226526,0
59,4290.638660409109,551,11714.671744946658,0
55,6771.031388396787,807,11725.584114018338,0
35,7643.343008845446,593,11733.424101320341,0
62,6369.984689055045,506,7920.028536562206,0
52,7410.149697297849,813,22607.190360227592,0
47,5558.499753198152,798,13159.016525596107,0
41,6950.0689029913165,750,9122.364157317337,0
59,5635.751936702429,635,14011.582182057886,0
47,3655.129480145618,631,7743.877791112845,0
31,5944.098499657492,786,12133.680485096944,0
23,3708.4659511770833,730,14003.478889891063,0
20,9710.432112824039,587,14754.683248993668,0
33,4898.641314204398,368,5713.420875875015,0
24,6661.068139808195,402,27145.464957372747,0
69,5477.65620485393,434,17909.009525492664,0
31,3279.4958367353697,622,22162.524895105773,0
26,2082.6585458837712,779,10719.419997003512,0
32,6848.225119133436,709,13233.960486192369,0
38,8288.813668187908,562,12182.296985092931,0
52,4177.353327021355,786,9264.70361206368,0
19,2517.9534647927376,710,15788.044595132058,0
44,4914.707081641075,453,7581.743396993404,0
19,3813.18931857028,541,15491.254684527632,0
52,4329.431776248232,778,9509.543476887016,0
35,6598.672659505513,526,13995.13887530039,0
31,5409.166514674891,496,19308.160538156182,0
37,4006.8863940123683,729,11334.932182513106,0
35,6559.301415270151,804,15901.11892253614,0
27,6700.370221136423,430,9455.479580038138,0
42,4893.296525119675,542,6093.330096339653,0
19,5748.249737652508,386,20308.64565153008,0
42,6436.903389538555,726,15738.545755235398,0
50,6266.985635770115,675,11327.897121075506,0
53,5573.105356537959,503,15482.043289493713,0
48,8078.655012805533,479,6918.025111763445,0
31,6548.825463427334,408,14211.197717555375,0
18,4688.777770304081,573,13085.0249911269,0
63,4699.595678141971,598,15252.72074220205,0
33,4495.444569753988,589,20208.654347693617,0
63,6637.81770501006,723,19241.23007684955,0
69,4379.0543919965685,738,5055.803868072925,0
20,4735.181639434948,642,2023.7670847117406,0
52,7404.440298608462,636,13228.549687236173,0
58,5844.9375317213,553,12846.690230281014,0
23,7657.358728818137,448,6319.2035866421475,0
42,6936.507772034216,699,7196.1499216315515,0
30,3381.990707673886,525,8148.233121342006,0
51,5316.160495166738,611,18675.143326368303,0
25,7281.908271943376,620,9637.518195327157,0
38,3300.083082728178,492,4480.600463223428,0
51,6255.479476645617,538,11677.841766390757,0
21,5429.374347342261,621,11986.357766375306,0
42,2341.3802641797033,369,6839.429355981193,1
32,5715.38674813408,682,14951.943964788868,0
21,3992.5575709722407,649,17686.195204480027,0
62,3398.226792190433,775,10223.124537850052,0
29,5516.453216480739,395,4480.44859694303,0
49,2024.4647093445878,444,10631.274187769226,0
49,4286.277473347212,767,13508.366306199187,0
45,10092.113654504767,413,1210.4528459140347,0
30,6670.400308132497,762,14407.584771389937,0
48,3913.4351688987645,480,10125.011757512906,1
31,8027.498692180714,358,12218.587257415416,0
37,3714.321590601159,808,10551.884863961848,0
35,4503.348724356149,552,8232.80104526565,1
46,3432.0674621272815,758,11445.041820173716,1
23,5960.943781598838,819,9455.398691254402,0
49,7963.533319774831,647,10212.095125259028,0
46,3701.788781392259,523,7597.909940123071,0
60,1791.2025326636399,422,14683.874929419539,1
19,7463.740014134955,433,18183.99270676404,0
40,8296.840901957825,408,7633.612388378868,0
36,1908.8551604534805,370,11415.92476273912,1
48,6328.0978146035995,807,6524.030339581807,0
68,5907.709633807519,755,13940.168441718957,0
22,4082.5444512020413,506,13121.215185368494,1
36,2990.1597999953806,668,9105.186892287315,0
51,7285.1506218038,678,11586.255080942336,0
27,5822.326956622951,410,16326.37802180452,0
42,5957.9676233680975,413,3963.142148334333,0
19,4380.8151649002375,674,5540.883773824806,0
28,4056.5634319900764,517,14909.173003882268,0
67,1200.0,552,12272.389228869562,0
48,5089.549546387218,478,11649.166502743974,0
32,8089.887483017601,594,16714.929433132238,0
26,3897.5420439124237,455,15522.169868733581,1
40,2759.6535503198684,670,20575.520271719157,0
36,6284.196219622603,471,16474.683001774032,0
26,6616.143997203405,667,14628.6275646953,0
52,4445.369270773884,531,11730.196522658096,0
38,4872.223963540645,452,11279.183434319457,0
26,5975.025610993765,665,11983.799507861719,0
45,5220.010956467212,651,13114.899276571467,0
63,7300.232804357167,610,5966.345092974657,0
68,9887.036636663594,462,13317.970402611158,0
24,2423.5056006571795,755,10783.367533131372,0
33,7713.559235004364,823,13785.25407614846,0
33,5689.467461842001,786,9111.623469423272,0
50,7998.76168993749,419,8702.874703145922,0
21,6803.838120278223,509,13153.571612630783,0
21,5610.081627884281,589,14386.352191502123,0
56,6868.041296393861,360,8980.329540025683,0
57,4790.519611867365,487,18596.035918594782,1
34,4106.257440211261,844,18561.747096749794,0
54,6959.553608077029,516,4088.3688837172394,0
56,3980.2087921788925,596,8114.865250659187,0
69,6656.270664954822,703,12581.037622348998,0
46,5555.345649557497,380,13853.856735042462,0
69,1307.0050279793631,361,22661.699862972404,0
53,4466.111589166709,592,12704.471400292534,0
55,6102.708751044319,457,11417.962028427266,0
56,4769.198804964713,685,6309.8234570519035,0
67,1200.0,771,4073.033022605271,0
54,7877.350230087089,672,11331.63876958397,0
69,5804.8750922889,543,22286.925959873537,0
52,6298.73072428565,657,10941.156368221982,0
24,4648.102926079161,482,8136.341811119928,0
44,6456.681438663984,744,14260.346987512672,0
45,8802.676260256065,630,1972.1737604656792,0
39,4176.868629470756,640,12396.451186777904,0
31,8500.622869642728,512,16121.89092112211,0
24,6217.415318605613,627,7262.204000378499,0
54,3935.0210535336455,770,18844.348845320583,1
39,9482.303147663815,819,15298.412747029342,0
22,6204.952431800079,788,18889.606177960257,0
19,6717.661603791474,552,5118.436898503569,0
44,5015.166211491836,445,11096.49953991889,0
38,4066.612038406869,832,16610.632842641153,0
55,5802.063840416421,572,4510.706534813538,0
32,8346.634702269992,586,16735.35844214799,1
38,4942.61233806576,466,11100.765543661711,1
27,5451.847757966551,805,16698.144234638654,0
40,8121.391249563253,541,13087.350306958879,0
56,4959.411677552367,625,19054.132089184885,0
22,6418.497360104418,455,5540.4500020619735,0
18,7079.230912131456,831,13645.351454645082,0
30,5145.79429202143,353,4442.1736081481695,0
38,6057.707667759861,367,14097.691467130368,0
43,6689.984999826112,656,13639.099589313608,0
67,4778.352651620571,801,10574.592186389707,0
62,6968.3772969819875,369,8081.013875623564,0
38,4515.42504978021,471,10373.16997501767,1
35,4284.842357871116,486,12488.263349699513,0
54,2751.3260905231773,429,13420.933891513223,0
62,4593.767780978094,503,21661.579882716444,1
49,4032.095136633602,707,16367.08241271873,0
53,4778.4268787410465,374,9065.515896149971,0
34,6601.586737446079,801,14896.878247831139,0
52,2393.786343924815,518,16406.595392404342,0
66,1945.5923897432053,408,8720.165558718052,0
28,4151.657410027691,650,15510.780182713064,0
38,6330.214888455983,390,4566.329827674362,1
69,6019.956904635435,387,8538.026312189168,0
43,4122.887800760333,466,4878.846645568473,0
21,7604.934817881631,624,10944.7148239947,0
51,4314.862116786987,619,9631.772585630646,0
69,6332.417175028828,476,10015.220979033093,0
65,4846.984610438491,754,16077.379773483926,0
35,3936.2025682114195,748,12452.91213107229,0
57,4410.879781393469,352,16001.615482877649,1
52,6821.200692664404,642,20131.751349240632,0
58,6149.84526125696,722,22473.32962317125,0
46,7242.584794797776,847,11300.979412017014,0
69,6149.774948566746,779,14673.726611938851,0
46,2599.894966286405,365,11226.204948504363,1
55,9305.946701755827,747,17070.997076148564,0
59,6175.3042253052445,614,16098.45055845721,0
38,6426.408797898814,588,8697.305275938757,1
59,4821.692176906191,612,9433.147273726649,0
30,7503.720927941275,747,18930.231786437722,0
66,3532.406390919781,483,9254.149436135138,1
58,6597.692339794287,562,11441.023272508384,0
34,1756.6600919553293,364,15375.204545163599,1
26,6718.97533843033,785,11172.12189256206,0
58,3556.809259049027,677,19669.825895190985,0
18,5998.590136768826,767,17165.530028049205,0
19,7943.212840143115,709,7579.152991530156,0
65,6980.89127410079,478,9072.466942401341,0
46,7703.887006211611,701,14937.807706061183,0
50,7517.527198566056,471,11739.880472080202,0
27,4556.291062762219,590,2297.2049761867256,0
67,6576.994312854137,464,7145.585639280761,0
57,2395.1495873047425,546,13170.476485855528,0
38,4263.514447700349,571,16452.74395856105,0
45,8006.778798911292,563,16524.23518593552,0
28,4806.933755632803,753,21814.184775520742,0
51,2137.596603992661,429,8542.694686772189,0
25,9124.658051196442,612,8781.829101073252,0
39,6512.050509705496,484,11873.359246699149,0
25,6876.060796550422,655,3620.1320888952505,0
66,3735.1548371405843,591,11984.623865995352,0
32,6011.301826953766,735,11022.475744921781,0
34,5963.634947600551,652,15958.589292626424,0
40,4021.3272580773846,619,16807.602992805343,1
41,5194.324566058314,636,13786.367810212309,0
62,2799.158116990568,399,12014.371854229774,0
36,4875.922840823197,538,13820.07720731981,0
22,7252.923263067674,646,8035.860653970048,0
49,4155.673133814247,363,11586.615555987544,0
61,8933.136105567795,738,12083.830094361221,0
18,2915.035277436898,808,11624.573945035536,1
40,5031.684370367931,581,11144.870150845909,0
54,4318.426065494574,610,8893.654062248466,0
25,5175.674503528835,541,6871.986953769745,0
30,7968.654607853661,762,10974.548716578736,0
25,3727.9801063646255,552,14971.74830673989,0
40,4687.713044326846,610,3312.975199802817,0
60,6678.110354901651,462,9513.591732747718,0
18,5667.685803851774,723,22345.48026947534,0
62,5815.314908756205,701,11035.116161284397,0
68,3762.5025887207967,385,12756.748762261735,0
41,5371.149751115505,428,21193.644068354166,0
52,7536.841212771143,624,13597.176364609,0
41,2602.8622304542373,797,13711.342624562441,0
34,4244.843528741751,627,7449.266629718092,0
22,2232.0250668543945,511,13564.116931215944,0
37,6466.556254498734,661,11926.014576559051,0
38,7705.846981566045,366,16624.567471625858,0
57,5169.862022874323,553,18386.613823392243,0
48,3690.063973872465,822,12151.55955023752,0
63,3742.7563873818362,789,13910.479760920054,0
53,4965.297025829063,366,2550.628243779611,0
28,4958.430318295255,551,1000.0,0
69,7141.297201324067,825,17465.96094894815,0
32,4296.023138002576,559,1000.0,0
36,6283.1410087345475,848,13636.681336774987,0
24,4950.153947353837,751,11131.724127058164,0
68,4159.437480568293,778,18156.76329809084,0
45,4905.323085986241,829,11824.123678470598,0
68,6105.769087367764,427,21011.26831408806,0
60,7146.880101787065,405,10980.507880833973,0
22,5046.448263114718,429,17731.744509669523,0
22,3332.9113645640145,655,4508.817852480231,1
47,7299.486645877792,407,1000.0,0
49,3883.295110326194,367,11858.939198656843,0
25,5969.481701819559,557,4997.018148719024,0
27,5455.301198133242,814,11700.367511979877,0
55,5214.573833776806,484,9934.022078940852,1
64,4623.442659661588,681,15025.71639977681,0
49,6616.267804747835,831,6678.130161617685,0
65,1200.0,359,14123.26984224651,1
45,7545.646915060667,418,16319.7466850122,0
34,3857.4860060907367,690,10971.474996399049,0
48,6234.322437551166,736,14391.155380557399,0
25,6139.046112282872,432,7107.155475188458,0
57,7794.959287637474,458,10086.722952642234,0
42,5855.948443968525,393,5289.647858697523,0
26,4007.6034748587185,832,23693.862655239143,0
19,2611.4410217602563,803,18143.969394552576,0
32,4872.154321228646,747,20300.596387801867,0
67,1975.2842280105774,481,18072.194702584737,0
20,4368.72572864064,842,8684.203796838085,0
66,4973.264883405631,848,4327.393342870749,0
53,4258.151239547936,367,9879.634454929095,0
21,5575.192583256842,442,14376.534370148676,0
31,5075.012780345426,832,10548.736220800205,0
58,4910.164225608192,785,1000.0,0
58,1200.0,643,15735.37478159283,0
42,3169.5306747660115,813,4008.9504538825286,0
67,6656.7821173387765,497,9888.300233388067,0
27,6947.6612913054,821,20718.921781069002,0
38,2190.201907637808,832,12245.333689941785,0
53,4033.507273778563,521,17383.295177838252,0
29,7429.537661678429,400,13734.099717105903,0
44,4207.530135870731,368,6955.488060968935,0
57,5299.316583174798,469,15646.583652935973,0
19,8095.249592228634,673,11683.872303954702,0
30,4849.160839401891,574,4570.847655843231,0
49,4591.505061663192,415,3731.6863929436513,0
48,5217.333956933267,490,13916.346272641658,0
33,8836.139436219692,795,22706.725189374876,0
49,6303.1633053210635,538,6618.731554435517,0
49,5534.346930003582,842,7215.143197119094,0
51,4556.15207977315,507,13988.981784211364,0
28,6469.870470726021,447,5430.361769247161,0
27,6687.459585875437,507,23770.24374759441,0
32,3568.2786829441543,784,7671.645301420914,0
34,6735.930745503088,595,9505.288340235327,0
57,5227.925884077825,693,7977.292579380117,0
35,5544.637542331492,781,16673.80423991285,0
26,3908.279794621027,585,22811.247746744215,0
42,4780.032349907962,382,8483.778578996778,0
57,3645.743922598908,710,16332.887154851345,0
31,3559.2072937906587,590,5470.46559657043,0
42,6178.762396768203,679,16796.36959720237,0
67,4860.790182202405,687,20791.80356098446,0
39,3160.6521942476516,624,19261.782005994824,1
69,9418.694765479077,420,12664.121171706089,0
47,3475.620929231314,662,6835.932784953536,0
37,7465.785329834801,752,12003.856168759032,0
38,2842.3654450807567,565,10445.553464123512,1
61,6321.704203302032,428,9766.54280386531,0
49,5048.991336486356,518,13032.749261109662,0
68,4367.697883554872,647,11667.26779606457,0
63,5854.136182778271,820,15539.219291164703,0
66,5612.067741392798,529,15571.723573789666,0
38,4037.562669372319,465,11686.007179561373,0
52,3956.0700145834,609,14161.286423003141,0
49,2666.9544184100782,835,18606.926247026706,0
47,6050.015891842692,609,9341.997228415905,0
56,3243.151311219985,354,12079.46320973963,0
66,5507.154921730928,646,6858.223900836909,0
29,6566.460371417289,457,14399.320658509509,0
58,5874.499057283298,692,12992.539006488581,0
64,4198.363663568935,709,14304.347980154722,0
35,7135.862340429944,466,7055.703987384112,0
38,4765.651339417745,706,15827.82839948868,0
30,3098.510633791016,794,12510.1143549769,0
38,4989.2904919841,680,17147.489144623953,0
25,6556.235280372507,788,9811.330341873272,0
63,4286.054234061772,680,15412.052780500248,0
57,7080.728346946548,362,14225.157202786537,0
63,4113.413082608229,491,19623.254326454196,1
24,4358.41625136605,537,11418.450511310702,0
40,3617.057771464145,805,9225.618330426521,0
61,6730.677166434452,630,9531.067700108375,0
49,5404.163373839436,815,6458.399879970581,0
28,3736.4284940608463,464,9484.640844072068,0
39,4786.821383894014,777,1000.0,0
39,1200.0,585,18843.83139796721,1
60,6900.350254239958,687,21670.239247184203,0
42,5192.656048903047,359,11262.073499054697,0
39,1200.0,548,14190.50697647747,0
45,2877.9734056166526,601,12820.045544266883,0
46,4741.130687396314,399,5434.703393022795,0
30,3134.4926336112935,777,17131.297657250543,0
35,6928.028782634905,491,17877.252444185873,0
19,6253.431194784078,620,6795.0817452260235,0
46,6147.164698332164,365,13649.44710188982,0
38,1200.0,351,10686.193610706781,1
32,4554.174854427591,507,17949.6100312225,0
69,4244.290388903699,379,11585.622221573287,0
44,3782.701982611742,431,11721.035087430686,0
67,4752.684493905319,380,21104.394097265915,0
48,3472.771227245087,585,5572.921795977506,0
32,5887.397319310392,845,13240.252153932663,0
68,6879.792437807989,682,12443.25415789345,0
40,6724.6907291626085,497,8981.929428094503,0
41,5251.759746919335,526,22199.10668109751,0
61,9098.631453400305,719,13682.74344892776,0
30,7551.955206100918,384,15358.86547306362,1
39,5317.195233389407,372,16073.019916553174,0
60,4631.910021637271,455,10395.728342889888,0
54,7908.448893007457,446,18208.821248051838,0
50,7313.6452289729195,579,17202.672226367766,0
20,2961.2310331163867,576,11389.498049349248,0
36,7454.478374611742,720,16691.334048291374,0
40,5222.1276374969275,449,18199.679528173805,0
46,3950.359244931955,794,15975.475348645235,0
47,1937.4294533668062,817,7823.902046684199,0
56,5015.950849543958,404,11538.226369074995,0
61,5477.990346604134,544,14376.852169267922,0
64,8357.189777398391,357,13260.602508263673,0
42,7223.020853947634,773,8274.135975974195,0
54,4450.803901523137,664,10567.182838342724,0
64,6200.816309595526,477,13759.333099869102,0
25,6987.248960811083,381,4453.927072516626,0
59,5654.723298430988,442,12096.650973038846,0
33,4443.122513743833,356,15483.22362316927,1
25,4542.089578761797,607,13414.690177304348,0
18,6193.851526822514,690,7712.6064528609295,0
61,6243.365017945084,739,8592.438810192723,0
22,4972.681691625619,569,19434.976163330564,1
20,1200.0,589,7311.765982966733,0
18,3177.059090875677,455,17928.339198626993,0
21,6615.440058901802,385,8893.423574086368,0
57,1664.4916047594238,765,17650.870530196167,0
52,7631.525829460987,394,14705.519856450088,0
49,7365.083070049307,647,10259.785168077171,0
59,5573.9734874797705,658,3167.3488282889757,0
51,6576.275861611493,715,13992.838504948952,0
60,6451.794421045995,358,12907.81568317645,0
42,5289.6283689408165,808,14069.563894492925,0
27,3026.999588340574,436,14697.007450861063,1
38,7241.091355111035,719,5429.364689628519,0
63,8033.014020490543,680,13966.359034557681,0
56,3324.5370563637844,526,15712.70337300192,0
44,2959.740990694541,479,15653.71343916934,0
44,5253.765571436787,544,5734.716880787705,0
19,4372.795727854391,360,17771.49373521627,1
58,5760.908632369827,655,14143.497445067263,0
65,7674.389271748696,768,14777.739863771372,0
30,1457.7932111095079,471,7521.499699424739,1
26,8346.289512914478,748,15785.46092180248,0
69,4767.9968046215445,584,3380.4297608498036,0
53,6421.202161570889,680,7759.015642977353,0
39,6613.706508588039,380,18332.92141266356,1
59,6823.6140775560325,697,15542.972189885082,0
43,5611.434587253994,795,13457.540442480476,0
29,6032.009083216142,761,16718.56938612962,0
34,6020.239691089726,573,17065.963369735735,1
31,4365.4909585969945,502,15789.57589073792,0
31,2335.5006554130446,561,10912.86027111899,0
51,3305.465510022649,441,7609.767297671547,0
37,5312.371636903537,758,8682.935378693812,0
28,4083.748017586507,680,19052.938605140764,0
33,4087.907069698837,816,5622.506914700227,0
68,8738.651882235152,697,14454.117020729773,0
48,7046.010633987771,478,14461.795624879955,0
23,5046.263261362048,792,19340.285665814783,0
36,6709.662902179795,546,14447.7957059356,0
54,4743.5165099363785,807,9883.881336165881,0
21,5699.302181535693,391,9962.622063110495,0
64,6294.931567154049,715,11971.096912655297,0
21,4748.309258010619,767,17663.346266650216,0
37,4266.549014433228,577,16032.599293746498,0
27,7703.077273243307,543,6571.4434955486995,0
41,6605.403340956592,367,13393.314126524267,0
52,1441.700419073109,682,16126.31716987845,1
43,4297.355325943102,592,10814.123072054157,0
54,4093.7095005500914,738,1200.1278660920543,0
55,4381.951440137684,625,11017.634415280527,0
38,7052.324119766012,799,4574.251498684621,0
57,5534.570742406645,476,3782.7252800168444,0
56,2998.666592460018,424,17325.829495149723,0
38,4810.213293474491,411,24605.153130143168,1
27,6475.127765709141,827,18821.427268735635,0
55,5104.638972039242,829,1000.0,0
63,4339.583287905715,637,11134.936547257468,0
21,6096.194701729351,535,9051.557965553591,0
62,8412.74648099034,527,4645.388348084279,0
37,6330.564699325334,515,14324.293715445921,0
34,7841.694723457058,532,11076.031275037094,0
24,4460.294407843174,377,6179.552052106965,0
21,5484.94819997669,679,1718.2737810523486,0
46,5448.606427835772,819,8955.419352475232,0
31,5713.622351321844,596,12039.535223869743,0
20,6292.935291485649,686,11407.91606521262,0
41,3845.8555821013997,371,17313.91167604106,1
54,6665.198833924262,776,13689.920165666064,0
33,2569.80530988061,816,10276.856452436145,0
69,3095.638007487973,814,7913.862054689114,0
21,9344.126982111815,821,3145.367210306209,0
41,4581.782668938024,769,6543.620699200651,0
51,6813.134831775164,445,18791.604055431537,0
47,8556.922706368521,471,16323.364854624844,0
35,1333.9790581987436,599,13443.841168723957,1
36,7527.243124280278,843,9529.653544761943,0
48,6668.098491266688,728,18205.098942913817,0
36,8452.715105679472,657,6944.418101831243,0
66,3373.258309003671,769,7001.602133983156,0
63,8112.258382518303,761,11532.612558378949,0
36,4169.054023115157,683,1084.3051124572048,0
39,7398.600065697982,791,6802.616191889587,0
41,5435.162135642008,769,10818.856531988493,0
62,6887.383851583249,675,9693.830023595478,0
29,5587.964529949276,486,7058.724994116145,0
47,2189.0771484638876,626,22176.984666016055,0
55,1200.0,669,18816.30120126691,0
48,5877.847961170283,681,20573.007917670962,0
53,5025.276932263574,410,11504.778534368188,0
36,6216.7977125565285,599,9557.070058294517,0
65,5046.123761481565,827,20008.317288345926,0
62,9132.539288892076,444,12426.031809778184,0
53,5914.966830090948,645,6697.551553660235,0
47,4695.494090351202,533,7044.84572936648,0
66,6107.253519424359,609,10377.861457235733,0
50,4728.38536561365,636,11889.897458126954,0
35,5667.274421405177,504,12407.305141011899,0
69,3308.535662975498,535,11082.076565150797,0
66,5484.546636652711,758,23698.020763282097,0
45,4639.865687136686,418,5234.395009979383,0
64,3479.0740743363767,675,15363.556302043218,0
28,9056.324562530755,610,9612.736363852915,0
62,3549.2763341077007,464,11806.072555126242,0
50,5512.535602195488,696,16702.477141215146,0
34,4054.945537092237,357,3086.2560804153363,0
23,6034.671047583775,614,7270.64878277334,0
21,3206.1067579559485,620,11331.703073085917,1
37,7012.642283083992,833,19381.25887424749,0
65,9165.081135445915,598,19354.898545572963,0
64,3988.8293732187944,454,18386.507189992226,0
44,7690.543952826378,612,1033.0609579359916,0
32,4812.617180087758,573,6751.154153613996,0
23,8210.424017936955,677,6956.824348238059,0
64,9439.298174972784,844,11723.823773891618,0
31,5079.330978924774,720,2734.8673376224033,0
28,2763.521054389627,620,17489.48268366663,0
56,7206.551897384961,514,2028.0621252941273,0
26,5903.950974299409,432,17162.629715269715,0
43,6403.224101999754,644,16354.19400661008,0
33,4888.278924680142,483,6528.0749931388655,0
22,3907.9129264107414,560,18309.772892068464,1
69,7588.626725740553,662,10333.94672692539,0
27,6075.621990200859,441,9036.505045148546,0
67,2901.5973384692943,686,9892.76245117817,0
20,6736.375401765208,839,10321.58734003423,0
30,6375.103476339701,752,10781.63017454295,0
60,4914.4619362175845,476,10895.133390137247,0
66,8415.663821636179,540,7548.4204367359525,0
47,4387.288307774924,508,8709.019711391704,0
62,5195.824303321285,680,9141.987616784922,0
23,6883.566558342756,684,20363.651581466795,0
34,5638.173310595299,359,9144.237430457873,0
62,3008.0383221548145,456,8823.17758703759,0
68,5830.838871388173,436,19581.644026777976,0
36,4754.098374462581,416,10389.95571573109,0
59,7042.593240849274,411,7548.8413642046835,0
52,5772.193019191252,736,6465.2136720957415,0
63,5670.113775485303,495,4899.19782409612,0
43,3613.147905305707,502,14705.92487225722,1
68,5085.95444575479,456,2978.2461445551835,0
22,7246.181969222776,497,18731.68853175681,0
46,4102.234579825532,535,11543.343304684342,1
54,5441.409598442115,698,9814.628086102775,0
37,3814.397107031783,691,10858.222306575233,0
66,3369.0832461069954,527,14315.283274730638,0
38,5347.253719019165,726,9650.80483124693,0
27,5812.842096779209,684,11041.14144054135,0
22,9088.95329061867,836,17265.399067960578,0
53,4680.1713090768235,615,13734.528197016005,0
23,5409.695318259011,498,5750.190703020585,0
43,3249.8676676523355,596,8461.258327890571,0
21,6602.032026832445,603,3092.9167498337465,0
56,6216.570602835905,849,15076.232847544392,0
56,8179.110419844571,378,15609.999208904132,0
67,7500.919872715676,701,7328.172500620166,0
52,6132.532003916109,615,23524.261699114777,0
18,4653.871300740339,362,24189.430285058334,1
41,5868.403188202109,396,12114.047666315795,0
53,5300.1757681628305,500,8013.162244499727,0
23,7216.115559828363,399,13369.005947158212,0
58,6987.216681932443,564,7894.840300261654,0
63,4966.452201421441,828,16750.16148083508,0
61,2868.4111963116197,481,12831.79628013991,0
48,7900.097140396764,721,13191.36833493354,0
37,6547.373122281769,462,20795.82902735109,0
41,4924.917872969196,601,8904.88336887711,0
42,6477.172026586608,800,9105.045540721758,0
53,5634.7503512500525,690,16291.852297076986,0
38,7873.512267195052,402,9890.013116332895,0
47,2026.3955827509517,479,20019.157109307078,0
41,4785.056260275822,673,17002.4831824528,0
61,8378.298127861639,542,10143.194464674203,0
59,6513.757126241162,428,2942.16584093052,0
47,8690.692002965574,406,4738.782270208455,0
39,3300.747232305764,446,9591.169693787731,0
45,7429.954088689277,547,14023.549342948609,0
24,7322.003962216899,484,17511.385541508385,0
52,2472.8886364080986,496,10913.562002254515,1
45,4968.095878840449,521,7555.5586648774515,0
31,5308.24761065065,412,11296.290996633594,0
27,2584.79914821867,414,12101.846755551629,0
33,5005.71581226321,644,18524.726586914843,0
33,7071.72965340149,560,18247.12095898442,0
48,4796.338492855468,458,6990.489115787777,0
59,5935.839680213247,631,14270.458991351905,0
42,5948.866508909774,521,7730.769622791449,0
30,5478.141859950221,361,7871.990682841357,0
23,4230.6723567542285,755,17193.37756548229,0
61,6685.865154791016,682,11003.462638664902,0
26,2643.3392292532153,569,15199.30867287257,0
62,5515.458649314729,747,14673.67328018777,0
53,7993.875412932559,691,11602.573115953344,0
60,4694.728150285812,635,13664.938662556906,0
37,4190.8218012959005,521,13019.26704362777,0
35,6805.92904979568,817,6247.75106683983,0
60,5794.177169056838,585,14436.627937928628,0
38,6841.805107702478,824,8470.012475679829,0
21,5569.29727425149,515,6654.526378937672,0
67,1201.073588647877,536,16273.217111714115,1
50,7623.844138766259,519,9043.403468015897,0
44,9226.047488460896,401,17553.440648000116,0
24,7811.273812305316,668,17491.79874267074,0
23,1200.0,538,9616.244789533446,0
32,6311.95878251002,469,17341.704710116326,0
35,4659.857540964917,454,10053.374098140866,0
49,3548.3612434989236,511,11658.051192044566,0
28,5720.917890948891,644,14468.93000349863,0
37,5231.894869180503,390,22196.98206698589,0
41,6415.584047703714,726,16704.485730924498,0
32,5601.844340749817,713,11711.052234154224,0
65,3482.5382075998414,514,12516.511780846118,0
24,4462.116801862652,670,4084.387836404874,0
38,4171.674598614971,723,17024.007504505687,0
59,2410.330281859997,684,16486.68372852469,0
43,3031.0396408830097,509,13417.461531853425,0
61,5120.076394206651,613,15588.780698684433,0
31,8062.757335553102,702,1874.0619969389427,0
54,4535.997256542169,367,6591.171916787646,0
38,4136.624605444978,522,21007.3680729609,0
35,3373.683747988913,826,10711.363337838251,0
22,5554.965690991631,701,15787.164837198157,0
20,7622.666802298227,382,8266.802191713869,0
40,9104.828979535465,610,9789.161673289203,0
43,6013.718878099036,559,21273.413904661553,0
54,5751.988736745582,845,11212.740905067989,0
41,4521.748406943622,732,14617.800372690202,0
66,4822.18008131618,679,12652.278957488597,0
36,6632.515163891265,731,13232.085865613088,0
68,4933.224402286457,513,13061.135978043123,0
42,5207.891595098655,830,2111.983648505531,0
38,5454.374905449236,756,14385.329333791304,0
29,4436.509400366544,773,9311.853022570522,0
58,5365.037333660408,354,20897.835861309723,1
50,1865.068968176557,383,8136.798781538933,0
67,6487.904589433232,629,9641.993232413828,0
21,9733.189310149699,494,24230.56997780184,0
59,4506.32149270648,700,15617.0243768703,0
24,6172.906861003005,420,7082.9049622168295,0
39,7032.837376443133,814,12882.055796861263,0
50,7804.38749089143,697,5898.029342179584,0
34,5024.221320267678,579,13287.933470661694,0
41,2254.028943360305,474,7978.1077866499845,0
51,5981.017511527773,627,21324.242326852054,1
45,5731.531643177968,620,14104.422369658572,0
60,4877.800525583195,706,14637.760917585678,0
58,5259.678178808187,364,16748.756634379442,1
56,5758.624801031916,591,17308.115735999396,0
39,6151.17158578693,847,8554.650328756807,0
66,6075.657478431852,502,12474.84368527874,0
34,5108.165812897969,402,9772.604484486095,0
51,6191.701902974712,498,22470.365479271597,0
23,4986.944473105248,707,1000.0,0
63,6655.645902763576,799,9124.449916218768,0
23,4370.602896142298,568,11600.192924462754,0
51,5631.5047458692125,462,12684.679525513253,0
18,2577.2705521889866,637,12582.594005868954,0
27,4834.161154977135,626,11769.240688789201,0
38,6521.4796980339615,801,11187.910074052754,0
22,3639.2772399254764,777,13206.4848428077,0
19,4923.81914256985,432,14307.514997552516,1
39,1200.0,799,20953.544387779708,0
65,3037.4666046424195,567,20909.301517754888,0
19,3508.3457989949766,575,13504.98430051594,0
27,5683.1518913889495,619,9523.272065599678,0
51,6100.136222306883,364,9873.063695576253,0
33,5399.099981307645,753,5429.541672043757,0
65,4811.331910802719,639,16766.172174849216,0
68,4817.6168529722545,769,11776.326604503056,0
56,6788.882348272889,688,14186.3079609588,0
39,5883.075724389495,614,13668.73658590971,0
29,4898.8979266503475,548,8511.897945990992,0
41,7827.939091434266,507,7894.589267569843,0
64,9009.95507379298,682,9735.437535131665,0
57,3257.6635895793934,824,14428.63163398473,0
55,6440.518126378921,796,11596.241647293673,0
27,11061.801293835493,841,3173.448378425812,0
52,6004.36997389035,768,6879.269844077522,0
68,5707.796745095698,746,10663.140779342317,0
66,5399.678908191496,556,11847.948157846127,0
49,6382.326731483335,523,14577.396829824991,0
24,6858.81849978979,533,12196.304845152643,0
38,3259.419626495471,614,10186.438458062501,0
37,5452.3294690801085,842,10014.568365187934,0
43,1414.903843904663,820,13007.312719217716,0
21,5123.2300900813,595,14090.244842106931,1
63,3875.1605311202693,385,10350.98660902281,0
69,6110.519642443872,722,6611.529554528967,0
39,2518.515051146154,837,11506.972958865656,0
32,4577.828841173629,608,8750.69210400899,0
57,7239.779650937102,831,13437.901496782353,0
38,4282.60032740035,368,19403.738433624017,1
32,2071.1156006478054,761,5242.178715388633,0
39,5963.559675632172,372,17753.483483482618,0
69,4444.247812433256,453,14345.197967237324,0
45,5165.406215068786,590,17514.20355366772,0
31,4186.234744367333,842,9821.277982690048,0
44,9053.914140064053,740,4769.861430277926,0
58,2695.469075463676,710,12898.478843585353,0
57,10600.29210140969,553,18998.426282857366,0
45,4796.854244647567,602,6697.391916591002,0
43,5830.203837192644,491,7448.4390742865935,0
66,4465.366448311929,651,14935.993449117777,0
19,4390.059592260182,492,9438.965553635744,0
42,4087.30617382126,800,20330.425214941537,0
20,6582.264331678544,620,15260.378515650802,0
25,2960.560551471299,656,8403.883420058157,0
61,6155.395379636804,821,9176.768252289652,0
50,1567.9130769067442,849,9374.468931112055,0
59,5992.351788055174,459,11785.398218566042,0
69,7028.456690677944,357,13522.25674540158,0
52,3205.8656068467353,418,13157.1542482623,1
23,6721.736683093739,539,6376.478955367814,0
56,5592.493739123779,528,16509.37812466616,0
69,8377.167619644111,412,10549.594663077074,0
40,3960.6285118400383,417,7362.321958756551,0
42,10568.774626700913,555,9684.774197390858,0
67,1200.0,749,17071.53901122491,0
60,4906.893158854974,817,12951.616636322842,0
36,2442.5745208787203,757,13387.807664549911,0
22,8831.897518329579,355,6150.059461517924,0
68,5028.938211131494,468,12661.16580278586,0
28,5190.966860735291,662,16987.65884931782,0
29,6297.828576553383,380,2985.100595918695,0
27,5491.350664610883,355,10055.251789076072,0
25,4431.2291984775975,832,15115.905068703114,0
41,3238.034948867713,556,12791.221097423986,0
45,5803.324124200172,506,6905.975073375257,0
58,6181.9005388410615,416,13991.314316667444,0
53,6751.679025523113,808,6162.944731837121,0
54,8942.90833055174,736,7662.26482812417,0
38,1587.2159720548143,761,8187.2107824196955,1
25,5378.109044765131,679,19716.940748525627,0
26,7645.12810447857,719,3651.4498354788066,0
64,5275.859636010044,702,4020.522876928955,0
32,1291.2895833521134,781,13416.608598971408,1
65,3176.1287652701426,685,12524.014433033339,0
63,6091.425729419175,728,9650.331910366303,0
57,6025.955130790014,743,12069.125956429018,0
35,6710.535457013837,638,6677.299482875442,0
59,4094.1839016132685,833,12460.633061679519,0
37,5967.789822854736,800,13047.947561256578,0
23,3797.4460457866153,802,18073.500591526925,0
29,5967.924388558644,489,21536.40085625717,0
19,5595.781954786372,790,10661.920673964498,0
24,4022.4519637067724,649,5633.436498971197,0
33,8304.730535372837,362,13924.871877169937,0
20,2429.8552897077034,501,11330.966119425082,1
62,5245.082230581051,777,11109.568861946742,0
20,3982.769984216242,662,3944.6327283575793,0
44,8801.563664541294,701,12493.077714345593,0
67,6577.116413716754,749,14114.294959928568,0
60,4331.2413243332985,829,16967.0238967147,0
57,4996.512479223329,458,9472.569319075206,0
55,8850.263273164952,834,7873.086313943956,0
50,3796.7038628859455,725,9432.660676941327,0
45,2323.9932899849946,705,16668.396358224887,0
18,6023.812352434866,498,18930.541179158943,0
25,6064.552661334076,716,17604.95159869902,0
54,6698.862232101748,553,15238.443491298998,0
49,6710.726369569515,656,11839.096756573716,0
65,8687.270171320839,370,12618.674795148774,0
60,2407.3525173231355,409,13347.707390356707,1
54,3334.9542496384006,784,10739.412447612742,0
21,6691.966001103137,370,16445.904802527384,0
47,3509.874096914007,712,3736.15260128477,0
23,2878.1416481331453,731,4661.380993357971,0
63,8858.520194113487,594,3727.353234729924,0
36,2584.104163004283,739,7989.043266959123,0
49,4867.710333200838,422,18730.95695078413,0
26,5393.138587783472,798,6055.218305908808,0
29,7856.4459555339,425,6239.30034629908,0
28,2136.1544950915527,535,7873.163179892133,0
63,6247.855272711248,427,17537.56821492571,0
33,3897.32129513186,739,19176.43932759261,0
18,6629.700182666411,414,17075.279727408884,0
62,3867.7460931516534,691,17385.212721610464,0
38,8330.151261134399,639,20259.510624240604,0
47,3878.253966832741,405,3017.5074469132487,0
30,1200.0,680,5875.560434452198,0
51,4080.071350465658,608,8496.324198270242,0
21,5029.659800975989,775,12518.641328410953,0
45,7448.236971692156,539,12502.4402321321,0
55,3234.8533049831426,355,12580.44334155882,1
48,3270.436971194664,355,16171.096174622671,0
44,7229.040226676172,540,2410.7673572451713,0
22,3024.5947876680293,497,11298.340105588319,0
42,5177.829805494956,754,13328.046014563904,0
20,5214.427869755778,607,10372.470660961992,0
50,5891.643165417332,567,12945.682102065366,0
21,4150.2732213113195,828,17111.055713445843,0
42,3831.410103985787,439,12311.109249951829,1
37,6102.809995154126,661,22688.92470245973,0
51,3887.2074642943853,701,16754.43616921275,0
43,3052.0554577854855,359,13330.632697337294,1
22,7710.039978133034,436,14518.650447322738,0
52,6378.571686482528,599,15716.591699608227,0
45,8681.504312377612,675,20427.109667845263,0
46,6911.141772190503,500,17871.445381549405,0
26,3217.341427063303,825,14571.028776081414,0
69,5673.464632107993,462,8356.73146807146,0
55,3671.869141507157,379,14074.637929014065,0
67,2527.1027259070893,477,14894.674666971168,0
23,4695.04109247403,427,15889.264710162384,1
36,7266.759175538418,770,8330.503165839555,0
61,5994.842879417512,404,15690.357338561726,0
28,2996.3905637342123,829,16002.560199499272,0
19,4631.785164617074,654,5950.669979359382,0
64,5242.840146384437,383,5992.843219584056,0
61,2459.5975828524793,454,17590.076843964576,1
61,6783.710257447502,521,7724.162443483449,0
26,5088.276952734247,848,19688.67640947509,0
38,2996.9292503222964,371,10605.310822778694,1
41,2895.0875312660783,636,13924.349238838571,0
51,7481.195100858899,740,13681.481141636548,0
39,4814.5365421377055,454,8427.652026744992,0
20,7642.633652121541,498,18952.281650150813,0
29,8329.879863824888,621,10610.121005672692,0
45,7340.406891140664,625,12293.944103446656,0
47,4539.822856088516,648,2089.1719792974654,0
43,1200.0,521,5318.047545759891,0
65,6063.393348162691,396,17635.643922829797,1
38,9264.837465601388,463,11972.338327542022,0
45,5436.297859287115,624,9072.16795880641,0
43,1918.3320661615353,653,9152.532209504807,0
50,4285.218706425789,829,14742.934878334983,0
38,5169.280105419752,556,18301.855440319217,0
52,3523.6205786443647,802,9191.343187656526,0
69,1200.0,744,17479.308988426044,0
51,5323.868613612775,812,11199.621685808594,0
58,4087.2227565562725,762,14503.247782687544,0
68,8690.844989619847,591,3124.8057080258404,0
64,5681.860278369033,650,3981.61459108448,0
35,6345.242014417106,545,16100.428741794569,0
28,5285.6449417070935,846,13374.714701342917,0
40,5668.719945712936,513,14018.385991790716,0
65,2525.861280948142,525,6606.154752679421,0
39,3627.7006506016796,692,9888.825373407599,0
34,7459.506462374834,620,3638.7600557501064,0
22,5877.031545514355,459,7762.759075502837,1
61,4782.687547811475,521,11885.690319368603,0
28,6375.108234638573,800,13639.135037641914,0
47,6410.551437713068,701,8435.35093112748,0
32,9083.610339299572,551,14760.767671916386,0
44,5793.519418994039,517,11808.598671404343,0
52,3587.4863640814583,451,10870.350932236079,0
50,5291.746330751798,435,12418.156012945978,0
37,6593.618128818478,491,22498.096129750822,0
33,7292.186220571664,796,11194.965779976992,0
51,2592.942630169817,686,16761.217964444535,0
19,5956.672095085264,562,14731.42638855796,0
52,3884.9411305033905,400,10759.203110024504,0
57,4480.062535685004,461,4248.569251793384,0
45,7022.511323638106,812,8863.863786121987,0
64,6843.247370977418,791,12381.917467517316,0
56,4279.325569844394,620,11476.116117974449,0
23,5215.88436212785,414,18483.165865870687,0
26,4535.052768782464,693,8332.491458996017,0
37,10705.06538192218,532,11265.943158374548,0
18,6001.044699601653,681,14681.82228435945,0
25,3988.933135708978,359,10609.317698378083,1
40,7879.900863198027,843,16868.367533169985,0
20,7943.430458229938,583,6562.1616426187475,0
21,8725.007278942361,647,4401.16410961135,0
42,9258.388628518169,593,10567.897025087212,0
64,6773.886789159032,700,11644.81579393609,0
55,4870.2668611993695,616,13090.504402230174,0
32,5135.289818312225,467,12692.273414879966,0
38,4974.264457108222,493,9958.018352319765,0
52,4773.240339077753,730,4460.161103146221,0
63,7731.886253119463,550,11406.45613693139,0
69,5501.297632484757,588,6803.776890511163,0
31,7248.559356669171,683,12352.78092939409,0
53,6717.729798605782,752,6460.037374449236,0
29,3522.4210663802496,764,13896.05055531285,0
34,2409.0819942478893,806,20339.559604837305,0
56,3274.006659966883,833,8370.141134147027,0
26,4731.92853808458,786,5674.476209135488,0
52,5741.790580482175,836,17722.550648423312,0
30,4333.059410780108,595,20835.00438795208,0
32,6765.517264133983,695,5772.0966118066235,0
35,4550.166650049473,357,11542.33716619931,0
68,5962.5233887311,501,14433.782708646195,0
50,5711.647025191396,741,10698.71656189339,0
23,8621.979565217296,560,3241.9434634744284,0
44,3744.566334819509,716,5135.44154972203,0
40,9475.15436407847,781,5661.033973606235,0
44,4430.170265068711,507,6799.479488889428,0
51,3087.897597350543,407,12434.256226287207,0
63,5109.553017232232,435,17488.649206170667,0
55,11332.250467546253,404,5212.694321846076,0
31,7111.369423033525,550,8070.447030396985,0
53,6585.3353861942705,471,6450.1968214623175,0
25,6931.336350954736,795,13442.069742797432,0
52,4114.731763895847,457,7890.379190291324,1
36,6086.879877458547,653,6946.397082617,0
47,5504.504140570821,481,4014.6920263918873,0
31,8756.320147559938,770,18798.579045482147,0
37,5304.362110144026,741,22947.810876405358,0
66,4819.102219760664,734,12420.866835142619,0
42,3403.36108473558,825,19427.976614823237,0
57,5752.026076376107,547,9165.444136246053,0
41,6027.313300333903,396,11995.514351418016,0
31,3337.141261347068,577,15256.365991131392,0
43,6315.694487309036,594,8241.162799485717,0
55,5919.723142830745,552,11202.743210324414,0
40,7324.2023677907755,610,10585.577503453122,0
39,7682.262612223427,527,14188.692860233967,0
65,5669.702728505703,373,12310.314323493076,0
36,3634.543208562228,524,8362.972327021143,0
63,4004.881155019639,623,10495.546695884064,0
68,8671.829793542363,689,17573.717938055528,0
20,5797.880907620609,761,14744.277500831102,0
59,8643.076803191903,810,14309.229814724751,0
36,6397.488673277014,610,23280.006299774846,0
26,6856.724146921208,635,6345.250168958625,0
45,7189.702509228687,350,15548.79668149388,0
37,3298.3501340630382,435,12274.018639585847,0
62,6052.511350202547,687,13719.082386738524,0
24,3273.4019775482875,779,12911.41272765081,0
31,4987.157773820563,418,8492.47133316822,0
26,6652.30534502149,380,6824.743171374246,0
36,3654.398997041585,547,11999.16107851149,0
64,6506.8071841498095,440,8089.124451384015,0
69,2802.9358261614957,789,10151.97469382263,0
31,7557.975683130824,822,15990.801276287388,0
55,4304.013072210375,698,5865.577032740201,0
53,3651.1886364061893,732,11041.43935252619,1
57,2916.3593512160546,761,17272.580214956823,0
34,4457.163100892214,365,9464.124822985954,0
47,2066.298747477761,659,19347.27610907519,0
26,4512.8815496050065,786,4246.029177051146,0
50,7479.076645599546,745,21096.922702746706,0
69,5160.319120468299,625,12089.917012582879,0
42,3380.4664913680463,687,5356.801758059537,0
31,5907.273969823855,511,16165.888205697196,0
28,5748.212396574832,786,14154.175579632622,0
52,9021.89793265429,541,18910.73891675342,0
58,6923.297833372731,500,4319.795347477178,0
31,6050.076628911121,714,6519.417307012857,0
47,7129.119787047185,760,15850.258903703489,0
58,5258.114077275887,462,24747.679672430284,0
21,5364.256274368841,622,14876.243414551816,0
21,8486.092546176817,525,15650.433917192007,0
45,2555.9577517307534,498,8193.677363929413,0
25,7242.301923653691,527,11090.75081470447,0
19,5300.575343762003,773,8900.827513862145,0
58,4975.319041743966,731,14511.71364221862,0
63,4504.787319351317,572,16647.628241978236,0
39,5776.613237015538,608,12928.583917502148,0
58,5421.6469602916,622,15977.196813524562,0
33,4753.535703891459,538,11856.274460241046,1
46,4235.216058790029,655,18623.276804675486,0
66,2070.4051855883163,727,7692.246085535767,0
65,4197.153260166993,439,19079.681575644718,0
47,4577.868736730251,692,8419.285572617177,0
29,5772.215929900316,611,12081.93459239818,0
52,9033.554592426708,505,6028.544791793293,0
28,4391.278851675846,549,14529.84210257465,0
63,3657.284463255094,404,12657.425342636832,0
67,4213.907035654423,603,15693.231975235076,0
38,5776.020581683807,791,3331.064617280661,0
38,6559.543827633291,522,12669.275601850437,0
22,6811.021383525177,549,14017.403699236598,0
65,6989.8743968216795,752,7057.103710726842,0
37,7244.615057701554,451,14665.079679829085,0
54,4998.009452548295,634,1000.0,0
20,9195.652330734174,500,11361.373295031057,0
61,4861.416661914224,460,19062.479866268968,0
50,5696.813037413636,765,11318.15650177085,0
26,7832.488729190845,615,8404.677181100134,0
26,6519.565050377978,440,11676.769883573888,0
21,1466.4758607590707,526,12495.274386477104,0
52,5510.144494534335,798,16481.767713127523,0
34,7051.536560955676,580,12649.434962621332,0
51,3081.7534968467953,378,15810.149085931684,1
41,6851.247031232176,792,12460.262120809066,0
49,6202.277092024216,650,8253.406957808835,0
18,7631.056870932472,544,4990.720337290488,0
25,4254.523619790446,656,13858.416071432197,1
62,7292.608148060641,588,1000.0,0
40,5787.294845321497,706,3173.9907743846616,0
64,8678.890547294119,828,5009.827243720266,0
57,10514.889888063986,733,15573.11100419019,0
29,8268.994790294595,616,4551.035974997058,0
29,6364.933620594804,563,14350.688384481511,0
63,9677.807192911248,431,6840.113209177895,0
64,6586.260475002371,477,11267.584132451064,0
32,3865.6977156592907,832,11686.982379793102,0
58,5429.308047487165,611,11192.737826160937,0
36,6871.009935331003,416,8766.75157050578,0
43,6986.717480116115,411,4168.133282294045,0
69,3474.5231983462127,482,12134.163686573978,0
46,3531.6418843725896,486,14788.270706414092,0
39,4885.642276822273,377,15396.037651160927,0
57,6462.178504221143,560,12408.94400226286,0
38,6692.612589783855,825,13288.016023726794,0
68,5754.349223388659,824,8144.458691481856,0
55,3998.028279668234,554,14247.348475795627,0
37,8626.497297434744,602,14063.343260717542,0
46,3570.2954886825282,387,10510.986302333455,0
68,7844.213340736771,392,12240.422242172071,1
21,6829.881910210658,466,11866.022420967645,0
24,7804.598146969111,754,14282.711549145159,0
45,4700.020072738749,824,4280.861519589063,0
45,5243.222443439432,539,4181.456810115484,0
21,5599.076603105878,395,4440.959712354024,0
39,4642.484030917272,803,9776.1688367194,0
29,5905.465216291177,515,14276.537376513059,0
62,8342.361020928174,654,1000.0,0
20,3165.699075097649,552,12470.0329744364,1
39,4317.018925220038,844,17968.751540751677,0
61,4121.658426328739,582,13365.752937491008,0
19,5330.0471281551145,594,1905.541320936929,0
41,5256.052715838033,558,14605.331649989705,0
51,6890.166251993271,597,13211.406364713552,0
44,5560.7015852584755,644,10286.816243838499,0
58,6045.189898094744,676,12908.886099348365,0
18,6217.206481921601,732,5020.673607876007,1
25,5941.72731017046,507,12254.943490396943,0
40,6765.963510623666,754,14392.96185223435,0
55,5279.817912161058,350,8535.369161153096,0
23,8463.463112934996,566,9645.873027126372,0
39,10074.915724093826,765,9161.875926600937,0
42,6771.215754580726,598,9623.58592143849,0
35,5910.384094676309,741,7849.276845224414,0
34,6624.248156771038,418,8146.832828480214,0
29,3518.140445409441,379,14580.452795528092,1
23,5824.1898414377465,464,3286.531706032696,0
43,4183.615707492505,357,12914.954923194926,0
44,6417.958451032594,718,14570.728118452538,0
25,4192.553245641135,624,5236.497170068898,0
36,4879.400598353986,841,11617.195631913204,0
59,2130.4523700585055,664,7417.300787714889,0
18,3388.1577580941976,788,17681.639647220654,1
46,6138.772845284884,763,10971.848229774077,0
62,3936.0770590268253,684,19365.59066148421,0
66,7414.793170814038,385,18611.386980916017,0
52,3782.999640856038,660,13536.645831406871,0
57,6315.858102314388,393,22713.53815741209,0
31,4128.623867850834,504,4127.603628427427,0
52,6193.845595060347,426,19227.086197895584,0
65,2737.382807628749,427,10659.627954693357,1
62,4684.270643866796,450,11366.559694971103,0
37,3976.8160864820766,787,9693.85186336419,0
66,7089.818635556164,781,4749.742292425299,0
30,6332.072436017567,379,14847.982570074182,1
55,3281.3631016921317,388,5796.418029478768,0
66,5134.274674082415,588,9045.007656143223,0
63,4109.827883098898,362,9266.33795202371,0
66,7210.462948963377,471,16977.88275606449,0
25,7788.74346577709,493,11631.617069656024,0
60,2905.038736280536,521,1000.0,0
37,6988.065353886665,804,7504.813628518384,0
50,4018.067075336123,717,4189.261743046901,0
43,5044.749809105226,596,14512.410411889508,0
56,5558.057612309723,596,6085.538486544926,0
38,8769.89109439985,760,8970.822315073954,0
66,3693.0704913444065,394,20751.683547364264,0
59,7002.549500757944,602,15183.880196645565,0
60,3391.292065294688,724,6177.065259807871,0
58,3266.9315472866783,640,16125.24206511383,0
26,5551.234207154479,556,8410.842223944985,0
41,5539.113083781501,761,16112.749872879875,0
54,1200.0,832,9938.34011650472,0
66,7587.273320875896,356,7199.862574076041,0
58,1649.594576024468,795,6732.657300023178,0
34,5237.312614996057,591,13438.140307977796,0
41,7889.70781288955,459,16565.1063315662,0
38,9476.531140039622,463,13862.002214697179,0
68,4846.510245360556,656,9836.796650352067,0
56,2920.691649489242,651,3013.2811589838893,0
58,7822.986806382324,625,8803.24601260602,0
56,7057.281790216472,445,5739.8331087983,0
30,4619.813878758745,643,18842.84671627584,0
28,4391.672575223429,538,10007.580712694531,0
63,4208.694105413024,709,13501.900549296737,0
36,4879.74423567766,637,10281.718102952937,0
28,6068.922656322936,503,14148.427485789005,0
30,4481.173751073811,407,15590.870114691828,0
63,4708.755503987967,772,23642.273614682304,0
62,6654.302234939036,753,9720.372566908363,0
18,2831.6545460940292,687,17215.52817354601,0
57,4823.315704155557,399,13389.585226473226,0
61,2483.3061656216173,556,9109.381684477012,0
36,5695.142452035222,401,9466.279906339874,0
29,2009.0702653446256,691,14354.512149947619,0
25,7102.018228287574,720,10516.98883523364,0
25,3133.6526875743903,499,12524.676868066981,1
62,2309.3585823493822,402,15323.227946984418,1
29,4845.496067377088,562,24476.511845846668,0
65,8579.993125018691,415,12162.422158429457,0
50,6780.1464161588365,581,6359.1328395749515,0
62,2039.834610182862,722,13989.946512321298,0
43,3082.374518239826,648,9579.853315454306,0
56,4787.919328157727,687,21468.040172143454,0
45,9529.035691187551,500,9514.435214137886,0
22,3809.8825336560376,554,12091.985335697997,0
25,3824.40656133425,669,15114.569548495961,0
42,8249.372896384326,604,14456.503710719962,0
44,5850.832969472276,838,18950.962551112014,0
63,7395.400049137734,486,15337.418047161258,0
40,4191.220827683263,718,23714.73371230051,0
47,5317.055474087705,484,14247.462498557139,0
62,7868.13735193884,774,18495.51782027216,0
64,5239.28642187556,403,9653.745145203568,0
40,7521.495755547634,414,21874.117964421173,0
66,6197.081140782155,351,10261.51973700215,0
64,3628.667658845946,481,19430.16685666419,0
37,5470.629017777159,683,16459.59366457173,0
35,7266.49118609506,381,12333.347292853428,0
35,6704.949144136393,705,19478.35588201109,0
19,5427.544782842509,735,11940.058036096287,0
21,2094.9140998513008,709,18841.928992076468,0
47,2267.215333462511,847,13890.2467956239,0
50,2650.049938671191,592,10113.917684865064,0
53,4581.2040278202085,541,13601.340024651061,0
35,4821.187827351794,491,12170.518149436188,0
54,2844.2594780307586,497,9787.416919238796,0
36,7340.523028652829,438,13164.929100555171,0
64,3225.215661003024,839,14018.433525871375,0
45,3032.993724279383,398,1000.0,1
57,5658.824356994707,485,14506.81792717779,0
37,7253.029215987812,825,15705.523983458723,0
66,9198.7383156637,540,19258.2287119845,0
50,6548.581098105719,779,5819.996886895546,0
29,8343.693493702514,498,6912.480170564756,0
68,3318.298026892189,436,13046.365821504214,0
32,9387.530669189799,765,8435.370257087094,0
58,2149.327989000121,357,6051.206275979422,0
56,4593.089343002175,572,9932.971823107902,0
19,6509.174535241795,706,10200.8994814856,0
46,2610.609371747302,365,6921.751876027234,0
58,3831.309834534399,645,6888.39765909807,0
27,3545.3394472786586,455,11393.40606595251,0
19,4941.6021869504775,632,4756.862037551995,1
68,8058.849142010813,453,4676.410604912542,0
28,5530.2851193180595,710,12357.544258227268,0
30,4666.4849003787685,495,19528.215867939893,0
27,1200.0,384,15665.206674394572,0
31,6340.159368709443,462,18113.093202627413,0
35,6922.027736160722,657,2974.6986743245925,0
68,2439.964417941619,748,4956.996175036182,0
26,5379.449752499461,796,12053.250916698615,0
56,5847.414742597684,402,16181.11017811442,0
45,7236.283163146649,696,15190.219362483487,0
20,4195.416775158147,430,5279.174322097292,0
37,3924.351350047365,453,17678.535124882295,0
23,4678.304862756949,671,11593.256440444062,0
44,7811.986694999291,718,15888.638661812603,0
19,7378.921795910806,591,8974.61221235089,0
46,5461.578456089655,380,4281.311563399362,0
55,7335.597748938919,666,16229.225773632637,0
20,1236.3558276661142,541,14348.234429001623,0
33,6924.977570968346,706,5771.878252068445,0
47,3486.2209069350765,710,8659.136414042228,0
57,8680.644089912552,582,15430.435630570984,0
19,3584.3595185201966,447,13030.178040532039,0
34,3965.0281025794393,383,14508.46085655073,1
58,6512.362714236121,592,9378.23305396298,0
29,6686.117442605866,788,19115.6345755079,0
52,4696.602258219067,408,11444.247749178088,0
60,6168.527261961455,608,1000.0,0
18,6391.683667591276,366,12534.6946994421,1
62,6207.606380904461,427,15024.713635847707,0
32,4771.801148394888,555,13485.383532507889,0
43,6409.379843354242,651,9866.819477232722,0
54,8031.466729029689,515,2231.40664219467,0
38,3294.1207374061123,640,8750.135989930246,0
66,3987.891936024749,734,9222.244308075287,0
48,5549.060138249043,461,8704.044996526942,0
42,3598.796726797541,762,15059.818272037974,0
40,2253.873278390931,737,10332.88478299592,0
41,7467.621356587521,666,18908.37552784547,0
55,1488.1811211527506,702,10872.201276527883,0
45,4775.711144456196,494,18079.42094066798,0
38,6866.099775565607,505,13072.324997168686,0
60,5980.05962110373,527,13319.05947664951,0
35,4802.951141237886,695,8585.675539171127,0
53,3524.6087622370733,485,5246.831207704959,0
52,6118.962063666287,767,11633.366228949633,0
62,3720.8900107596287,664,20434.23342626082,0
26,5978.6786553728725,367,9706.514592956595,1
55,5753.6517668225615,700,8913.147988162727,0
47,5771.859236299244,792,11140.40085221461,0
61,4347.426233477052,504,20840.939720214054,0
51,9163.01639680262,621,15934.684828637915,0
49,6144.771940966674,615,18071.314631039142,0
20,4998.323936404635,709,2098.304026239379,0
20,5975.687031511248,681,7876.84725405551,0
45,4105.969040936242,755,8050.329113590982,0
61,4804.651902739769,365,17680.437598681256,0
32,9805.455877815131,361,15299.400138333312,0
58,4118.714548403845,424,17279.454363046945,0
40,5360.009139524051,561,2622.0600034618637,0
57,4679.011270450421,528,17551.690020814156,0
28,3628.6589029153965,478,15296.631948186892,1
65,6257.952982395651,632,7379.5307648290745,0
49,5565.6499179775765,544,11015.373867604096,0
53,7139.84915619987,617,7532.069111439169,0
50,6959.040256594009,379,11516.95642695062,1
41,7121.273894275592,358,14246.777459806774,0
56,3847.2339288682115,658,19021.097840754428,0
51,6653.729438565573,794,7302.9032331551825,0
45,6697.48871132217,659,9653.918758988706,0
54,3662.086603227659,514,6485.353893596297,0
24,4926.490763990969,542,15832.8170065673,0
21,2878.998226337857,775,4122.092461278004,0
54,6705.320738284511,654,12885.069312055273,0
18,6697.040444999153,609,5871.0600522415525,0
18,8074.65303841304,541,12229.059674506345,0
64,5088.162685934178,428,17779.55862972116,0
37,6312.645255814833,528,9443.686179376564,0
36,7277.9231818455555,440,13104.350203996946,0
46,4142.995248601555,805,7534.168946684227,0
27,3869.2627456281416,793,11437.845897826606,0
35,4198.806638062903,564,4210.502034152933,0
45,4871.268157230602,428,15538.579533985467,0
52,3933.002159836924,824,9922.6797470987,0
60,4276.310122069797,764,10955.85475776664,0
64,7085.647304259842,452,12346.020016176524,0
48,5326.576063310274,460,2166.278773079812,0
44,6052.057072586985,805,8538.83766612207,0
28,4508.709781386565,827,12676.203706266688,0
66,4390.542227471788,663,11200.40134932228,0
66,6014.000601172715,596,22886.72742896649,0
55,5726.912190406129,583,18293.588105270377,0
22,6900.376020954524,431,12697.975123874965,0
25,7842.867396407188,481,6887.504341361132,0
51,4255.458032302471,844,9525.327922408618,0
65,7050.132167974805,584,15290.674463456588,0
69,3556.348898152307,627,12383.105675087503,0
29,9232.80162904591,736,18380.520909929444,0
55,4084.652704351008,684,12343.517013620089,0
18,6743.135025562167,448,12579.170704773023,0
48,3542.967390259602,780,20121.060817062167,0
21,5226.236404935762,387,6517.179676334853,0
66,8282.31965587633,510,20669.287717091484,0
62,4028.132526425069,811,15848.164065235702,0
67,9467.535102195201,781,28177.351015426426,0
22,5490.503925203718,798,8492.83814664791,0
47,7256.282568368798,466,20147.018850551176,0
41,6225.300232306486,590,12669.359378328965,0
20,6322.67211807346,375,11072.07899698757,1
28,2932.9953091424118,485,13524.511184005589,0
62,4648.864972639517,399,12626.073730560276,0
21,7652.757632470666,813,8105.420243549865,0
43,4880.221836814006,643,11341.810664239401,0
44,5749.897748892064,743,13535.533423362715,0
63,2714.640168935528,647,9874.22192209137,0
60,4532.36150619866,642,14702.207436512641,0
44,7521.470735736638,503,10520.78792567563,0
59,3191.267022531508,569,14291.72649251907,0
68,6790.742266593095,489,13688.580661154174,0
67,5820.000649452974,817,14256.661828557519,0
23,5075.280125158279,398,5256.4307889589845,0
32,4996.135823820387,491,17485.414043609715,0
47,4616.146543459623,395,7669.8070259350525,1
59,4776.452250297467,512,11070.733024299023,1
54,7173.532404660084,634,8770.79789813975,0
54,4722.321134359407,617,12356.742350055603,0
59,8753.662579946153,465,11444.383132465055,0
54,6039.158505477782,431,15255.965532735903,0
52,4462.72852774911,393,12219.415185054715,0
40,7252.058714474106,543,10041.574109196687,0
23,6623.012697537838,607,3012.9590005662667,0
21,2522.4824075902143,792,16421.61732899824,0
35,3637.951557368432,622,14587.680885978643,0
26,5292.243457835658,743,16625.62092560897,0
66,2649.5057180436447,623,11073.032266576527,0
46,9262.953823548902,627,13784.664611066031,0
30,6980.017927670815,432,8733.039610349224,0
64,5476.000875334368,407,8275.983507573696,0
69,4883.128203496126,402,10581.99194735593,0
34,4420.605422153802,350,16609.034611095645,1
62,1964.7421156523624,565,10626.129630863561,0
49,2380.827427037867,666,11729.570368462595,1
65,8922.017316281694,577,13212.224109399156,0
39,8332.479350618652,822,12126.713490951955,0
21,4463.600041136728,833,17071.686183116606,0
22,7134.398481128423,603,8259.65873956131,0
54,6411.557394994656,508,12498.714170725869,0
58,6623.7183219679155,636,14371.138867836597,0
66,2934.68002389873,415,3788.6029961200347,0
30,2245.279739445712,752,13330.24718186166,0
51,7628.6698463258,658,18710.121272562326,0
62,1937.263054533706,809,10247.545956707347,0
39,5233.251625511472,807,6574.791695822095,0
40,4838.135812807983,444,14335.166487742315,0
68,4671.728268982464,842,12897.436383517577,0
20,6066.011480123182,602,19612.233626317022,0
59,4280.333626398788,499,14188.339766493824,1
51,6212.323832437086,372,7282.264517585252,0
49,5754.079746444151,593,7056.258983355073,0
62,9277.718237290765,564,16299.095448272492,0
68,3006.263094727367,748,13784.55912679161,0
66,5552.684171028688,759,11708.902822266715,0
38,6276.421179779974,480,12861.941022352788,0
63,5038.475400041867,692,14209.679439904365,0
61,3093.2648058018913,497,13864.099629220884,0
38,7762.78500517935,730,4472.614286384285,0
61,6106.481794259294,458,18083.48507585391,0
28,3219.585916732131,389,18418.05366492646,0
56,6289.602332604868,470,21050.64203067647,0
21,8562.818926095142,644,19963.027777722084,0
68,5434.631319851344,469,19112.7288368209,0
18,5496.017194952988,805,10567.569292771801,0
45,8322.409055877975,367,13506.847387435151,1
41,3753.3088328477443,518,17834.993958181843,0
52,8609.593676717228,547,2996.238822949039,0
30,7251.239926662826,760,10906.605840136572,0
64,3836.4058648359724,833,3473.145264536277,0
51,4297.115800280592,492,13401.408170190563,0
28,4555.336899371879,386,18329.039699211906,1
53,2199.584414823238,535,12093.991572797393,0
68,5968.849148327586,610,9153.883951828499,0
34,3917.895394153864,580,13415.825067000891,0
52,6033.79237857635,603,14062.305825913216,0
35,3176.30214941461,678,14414.734147226,0
57,7161.423826410099,740,5925.302484484555,0
39,6827.726674234904,646,13217.426969379558,0
41,4229.417774691613,817,12920.84053321873,0
36,6147.3684841878085,359,16741.475005253164,0
54,5649.257006757244,795,11621.957331875665,0
56,8168.139075075242,759,21871.120524224825,0
38,3641.5378577892297,673,12411.676246655257,0
25,5225.863638710536,579,9609.600483150423,0
45,4346.769453926008,373,6984.42405313567,0
22,5580.672754780302,427,9430.715995707107,0
34,6459.892485010468,774,8005.071203942889,0
54,4326.746719467324,542,11219.895189501703,0
53,4844.6088014994175,750,20433.63243409973,0
36,7238.873436503252,458,4703.455469123313,0
44,7943.184391467597,629,5054.581219101385,0
51,6388.328863365181,760,10826.822454690177,0
28,5251.666422262314,612,5185.3872482375255,0
62,5080.425542133131,678,7090.31746894585,0
64,6486.627391709122,712,13695.79942805252,0
29,5909.980602528769,704,11736.981038938311,0
38,2531.8434917956542,727,14192.548077797492,0
28,6530.293418154225,617,14955.290101308145,0
56,3950.974379039388,690,18712.969635879224,0
45,2949.514464743826,608,13895.166860560726,0
22,2496.9792014042937,684,18024.904912698963,0
34,5111.012131870026,434,12535.372516493944,0
37,3670.2561480713157,359,13952.150309733694,1
58,1312.5491924694443,638,13887.602899018497,0
63,4854.780087693741,651,13422.79000511172,0
29,4616.972497205442,408,13028.377394707211,1
23,5230.177993614916,657,21104.91884454331,0
34,4367.983682723721,611,15490.481062480041,0
68,8792.7933943491,735,9763.062883879928,0
36,6431.207130430553,634,23717.12484514922,0
43,4600.696017481341,468,10114.734638499107,0
65,5385.471692594748,517,11973.856806123786,0
61,8046.356801491625,702,7846.84628402323,0
61,7221.921061123884,538,15585.562658140338,0
69,2986.818734124942,801,20451.177680896555,0
49,3746.2769905120667,600,4544.172923755212,0
23,4092.675626757987,673,10613.145402763543,0
53,4708.540088315544,762,17583.068345889613,0
55,4428.238234823124,578,6703.4134295074355,0
28,5561.21665874994,539,14871.911277410056,0
50,6824.298359833998,665,5492.796621283194,0
41,7124.7885208884745,473,14039.654087129958,0
40,4911.764782781277,433,12389.087770416414,0
32,2557.5516662420873,646,28587.914953993175,0
44,3627.262104630865,564,15722.340865018788,0
28,4564.405378665946,586,1137.8818044858854,0
68,3258.937973347556,815,11626.268991256225,0
67,7553.546176062905,462,16121.48038842792,0
34,3376.8260945546895,566,9934.21196380812,0
68,6610.713480523365,670,9717.147100446307,0
31,2472.6153609594317,595,9961.276938493698,0
44,6682.961982332897,797,14735.796765829122,0
35,5249.3163279983455,684,5723.650118651463,0
45,8222.55526414459,668,9192.371700841582,0
68,3463.1873082166057,831,17164.900738903474,0
64,4484.59335889913,781,9564.702401345485,0
64,4833.221317461209,753,9265.470209535237,0
21,5225.499873729438,723,5118.21687748965,0
24,4877.234504375517,386,15229.56961020519,0
62,4911.978581363824,413,14127.197036324871,1
52,4882.4874219058065,568,16861.822102836522,0
65,1771.8762113551606,691,11435.333384190439,0
26,7288.002102893983,848,13578.910518397965,0
25,10650.04582174063,738,13536.847484585078,0
69,6036.887988281778,383,4875.059441091869,0
62,3455.648473855071,388,23767.226096090406,0
34,3637.8304644730833,416,16890.292351893957,1
34,6603.713203404823,558,12394.999363761599,0
66,6193.845056526838,667,10878.92224697408,0
50,4988.277801003991,693,18619.771494433066,0
49,6856.127867582534,501,12479.618578996458,0
25,1785.0069158419155,736,16568.11195921035,0
36,6857.311829016023,714,9109.887960288583,0
55,5927.9700962708075,548,7622.753507758974,0
20,3707.293616590182,438,11191.318761386856,0
22,2920.016928914768,597,12052.887654111244,0
30,5718.3891089421295,672,14117.608198733975,0
64,8033.028646181974,428,19334.495346423988,0
63,5089.432182405339,826,17560.159260449684,0
48,3965.1669707808887,783,18590.03381731047,0
33,5844.318868245255,634,8336.952833609354,0
67,8777.569258222253,679,10525.352449155977,0
49,6276.339663514689,381,16839.97785834212,0
39,6470.923578776934,436,18074.73734666519,0
46,7701.037544747001,388,15709.260132832926,0
39,6350.6033188908805,742,9186.423232141637,0
60,4094.2545271117224,450,6791.910499362511,0
20,2359.783086583535,593,13164.888224284801,1
27,3841.0243843991275,581,7541.375998611204,0
59,3511.492650824185,747,14303.205509744934,0
38,6686.75461512039,417,18253.42620039259,0
33,6937.026492428394,541,12945.444618554968,0
29,5816.029711087878,753,5470.853869141723,0
19,3216.3544416822883,377,9453.520802997098,0
58,8715.874643068053,619,16323.416347482558,0
41,4750.821615088741,777,14369.607122583935,0
52,6586.265818542766,575,14769.462001264492,0
47,5588.784706059207,426,20844.814293128722,0
47,5875.594269849847,572,13745.345992130337,0
64,6522.731206012716,830,13587.61881124628,0
52,4247.1637091182865,721,16283.376990672932,0
36,7849.724367277299,516,6134.190479965871,0
67,2656.890249242909,633,9774.448797086283,0
25,3630.598649135408,541,8307.569304095028,0
43,7826.372873806749,438,15274.57022325122,0
66,6562.008569988048,381,7404.488352451486,0
57,10072.703975826582,486,14817.239543950389,0
24,5623.030798575634,505,10916.151594721148,0
47,8560.772733626367,599,10219.220447733884,0
24,2156.5381912058738,444,16559.136018642585,0
20,2955.6730482450494,366,5339.175089023974,0
18,7111.9459673505535,466,9556.580768258937,1
53,2367.3379138939267,820,26647.601123240354,0
42,5144.73830738292,682,21252.092570772627,0
54,7600.976350564885,660,2927.9252347535876,0
18,6402.108276079603,359,9462.216361898198,0
32,5519.971396575243,429,12314.076701778167,0
54,4691.606556107233,483,4943.965421081058,0
30,5864.006574265536,781,22090.155134121156,0
57,6539.047070275954,552,12147.90611347172,0
25,4310.390193424871,465,11070.39176940485,0
22,6169.124850421686,800,13905.326198511757,0
26,7441.175339557679,569,13825.651561619803,0
18,5099.539360060255,602,7728.22746468719,0
53,5622.621130253173,518,18576.423725443943,0
52,6370.801901205,684,12810.179695883005,0
19,6492.401588961539,665,18543.732794830707,1
57,7081.216431397192,554,9121.808158988715,0
40,3674.12507923249,647,3020.3515084797746,0
26,4547.939495706441,721,19186.454549309314,0
51,4614.6183543106235,597,15701.982333243111,0
63,3872.9581027071818,714,17841.080675186495,0
31,2262.8549415559332,814,18148.66055257273,0
21,1200.0,420,12096.424055344416,1
47,7651.814881155365,505,10165.340737792638,0
48,2702.992591994423,451,11541.609908412065,1
55,8319.716428070635,362,14757.132853668452,0
28,6830.937079509633,814,13385.192274147696,0
52,4769.760916348744,620,2854.0952945759964,0
25,6609.559788666521,641,11407.502332466747,0
20,6265.239844084699,569,19069.484666165896,0
31,3516.806146708407,364,11993.437621810477,0
30,5473.040007466665,587,23122.70296604684,1
62,3736.290209425314,466,7194.811756352275,0
49,6677.430403907966,680,13742.656847813054,0
51,4212.602286761102,405,7073.293437179845,0
62,5326.066834845989,700,7722.122227439828,0
36,5248.361945780651,481,7768.614705621612,0
55,5718.8422009708875,832,23048.39987381026,0
33,8492.59914600524,575,10739.27954803754,0
19,5066.270950859347,657,8486.80815970211,0
57,7692.268855554128,824,11986.459371124207,0
34,6363.994589803067,743,10887.92806071006,0
51,8053.124582865848,571,16057.256663404374,0
59,4890.815587333325,522,1803.6498421225733,0
33,6753.045235545223,689,7226.929421168249,0
55,5393.317559319386,634,16232.527469869703,0
19,1200.0,658,9556.856966842683,0
19,3538.281546963144,506,8225.24388310116,0
43,6548.278502714953,500,8001.492988465004,0
30,6429.276849303998,534,15618.224117039723,0
64,3169.040700457138,527,15399.825815436885,0
48,5896.661587908407,370,16788.100476968335,1
51,6405.868407745909,461,6186.510127945791,0
56,5437.601974472308,520,5890.891207298313,0
20,6811.873547787345,487,17686.748839737927,0
25,6566.599554271784,582,13025.619879299105,0
40,5436.741557071527,681,8970.271641008909,0
31,4580.515326044587,379,11214.20502836931,1
44,7376.574865766517,730,5828.337455116203,0
46,6333.691776181879,656,9351.97806186341,0
56,3013.4212254454637,510,12796.073530459616,0
56,5897.615780946498,751,13772.359595156237,0
18,3428.1555229760793,427,11562.845352567609,0
34,3763.7777216274844,627,11051.47480377428,0
58,4326.561936305853,669,15666.284635624566,0
47,5580.771824187464,370,11493.118404627017,1
30,6174.074039664314,734,9764.423656172597,0
38,4763.904599365711,846,8188.514916001472,0
36,4842.671290671278,712,3162.0274575854364,0
36,4594.161420456974,721,15249.594370380213,0
42,7385.5245467577315,729,19317.92454523474,0
39,1200.0,492,7867.44752016175,0
48,4944.38066258539,385,5649.731743807801,0
34,8280.972631688259,652,8886.376652602363,0
40,6431.014090499297,787,13452.670566750414,0
49,7780.325033020825,563,9473.500347125779,0
27,1838.3520528803383,381,9386.541538290046,0
27,3263.9513833555793,535,11585.383399668828,0
53,6425.286653235642,523,12504.044153996347,0
25,8291.135067863803,403,13841.260812696388,0
69,3445.77480967949,510,10524.235744848585,0
37,4802.028791128259,599,10435.218967363506,0
49,6222.635455360591,838,2390.0702060630756,0
67,2885.502885242145,600,16678.42811161695,0
31,6439.044267245769,772,13261.846786548422,0
67,1200.0,628,19555.31897141315,0
45,6386.031036036739,520,14555.553695360482,0
63,3708.8470578018832,532,11632.016999711013,0
69,4694.325057070456,351,4569.927383165106,0
41,6673.391106286542,543,3831.184288134128,0
32,6305.053879886052,515,17241.741126150428,0
39,5485.633832166932,596,14807.742317681168,0
47,7244.27299294363,848,19326.999678693366,0
21,2439.6831772861174,762,16656.241697435973,0
30,5867.945868702544,593,10144.346379395445,0
40,4077.693764454731,459,1000.0,1
25,7152.456643623975,729,15022.60108626177,0
35,6736.720725345015,672,6919.501216404881,0
29,6802.026793955209,836,11078.48981611956,0
48,8461.687298872843,420,14060.554722371715,0
31,7527.42555838296,513,8846.772606593939,0
51,5216.64159920786,634,7874.165768882709,0
35,5497.717863722505,724,10464.11366834087,0
51,6581.6890852811075,770,1769.0961468092082,0
28,5745.114414546093,462,6831.552641448909,0
58,6769.311979437492,577,6759.293289047775,0
29,1485.4232354085484,820,10820.760064556338,0
66,8885.44633382797,650,7264.211868572148,0
32,5609.851450401377,365,9420.894506627463,0
48,2579.5624043933917,845,9775.176915870552,0
66,3855.171967149661,380,22638.428300619107,0
46,1667.2113078953994,511,15847.8562422522,0
43,3537.5768556656485,655,11398.087347716588,0
35,5243.952828448386,542,14245.390858855655,0
49,8226.486302489924,559,16603.58019061338,0
39,6239.214253755641,727,13438.84724782468,0
55,5919.149101536236,795,6830.5539948843925,0
34,3456.8118618117187,581,11314.952226913458,0
40,4015.9264498236794,776,7120.538286759302,0
41,4155.530151930049,533,10354.60413323973,0
67,4228.968498065011,364,11205.671542960079,0
25,4867.233622752512,781,17262.898185527985,0
58,5003.180088910334,654,8029.399145434992,0
23,4889.658927471673,558,7628.839154122439,0
22,4291.6163855167315,521,8415.331008739284,0
61,5743.095698462008,615,8954.969620936094,0
46,4934.053389939805,369,10409.156784693812,0
45,2627.9789567999906,419,13646.61666341865,0
28,5561.887280064283,357,8074.459671784847,0
18,5289.824803993162,778,12574.46104999579,0
60,2656.670585400683,383,12636.259074344682,1
36,4435.657395946231,573,14768.379108692503,0
26,6574.730609820445,528,10946.1267485245,0
44,3454.3901104107317,595,16160.423124752986,0
51,3264.0776744887116,839,13845.156030681892,0
61,4915.20948041487,609,13620.89964191072,0
21,6621.278085661535,457,9246.560300988158,0
53,8758.589663300852,591,13372.816993298755,0
35,6686.083638736631,772,13761.439412358277,0
32,7452.689932280995,817,9012.052930471857,0
68,6124.055731302995,373,17971.412316809292,0
30,4266.7912366430855,565,25117.529499190452,0
36,6673.079937874442,404,8714.34554228457,0
66,5345.905511929383,375,9649.07245325183,1
23,6178.660908090424,630,9774.874813720307,0
65,3797.1463125682703,641,5452.187038288374,0
29,6339.602441511651,676,7618.547221332689,0
68,5283.085245821387,807,16286.139883260861,0
54,5916.26394493135,535,11589.932300395612,0
34,5346.868285314762,844,21595.081680901258,1
40,5001.034392384971,361,10557.479782889946,1
43,6372.443403313136,478,14081.754132039623,0
46,4769.035967995185,721,7478.530800326609,0
50,2640.3613653203383,783,11449.093513718588,0
44,2126.8538637715983,758,12439.105574268953,0
42,5831.94982496856,557,1479.5781149488412,0
27,4695.007933488059,482,7875.1874909526505,0
64,2387.621480622309,688,15179.65219342458,0
40,5691.762940696804,545,14913.337166103027,0
38,5331.025801047953,611,5758.1231271305505,0
38,4600.695532199082,631,10195.190866361712,0
60,5944.256772725535,718,1000.0,0
30,7867.169218194047,452,11982.814702181164,0
54,7812.26329363325,469,18301.499438597923,0
50,5758.776357595453,532,18518.109682661234,0
41,5347.521220846864,772,18340.343965619042,0
61,5783.923373701025,358,14634.840157190793,0
28,6056.212478993827,394,17791.022887385425,1
34,5017.063281295501,593,11053.686233268389,0
21,5814.177507915584,619,9390.646670380045,0
64,2667.4667721247647,461,17703.07609599158,0
42,5646.427990024175,404,13442.297810230992,0
47,6358.264471044288,742,3023.8121279835414,0
26,4618.284504388469,364,18082.88948058912,1
38,5328.149240285023,386,10900.748234228015,0
37,3499.290314737977,527,8664.37149998318,0
36,3249.435550673236,476,16894.522762309116,0
36,5879.467140326544,466,16220.32613161009,0
29,4186.786571672291,689,7215.597301771348,0
54,2301.7138091631555,421,11214.56104830259,0
59,3498.7990615580043,701,7457.854686253808,0
34,3760.5176311742757,460,7590.276383716685,0
54,6894.244895917134,498,1000.0,0
65,5822.405220463242,534,6930.040211045143,0
56,3931.1160433168598,454,11144.263552825654,1
45,4442.021371051913,496,1000.0,0
58,7861.751948993007,570,5140.737745869044,0
52,7184.984383354512,663,15035.25875537918,0
64,3487.4912296327093,700,4938.484278765934,0
65,7594.346547327387,723,11213.836388462878,0
35,5354.868144790342,355,3733.175488024368,0
31,6939.300926901239,609,14047.18777160819,0
52,5206.0456809972875,648,10371.230004691342,0
61,7634.492557735915,698,7411.629211952601,0
58,3412.682899228362,391,1000.0,0
24,5040.189223513271,608,7530.672223337598,0
58,7689.627600218411,734,15323.70839618121,0
30,1200.0,841,19750.29526810728,0
35,5417.089472575963,788,10903.711995346766,0
54,4791.6166242282625,620,11499.590410543833,0
30,6732.390214978741,396,8612.682050957226,0
53,7425.8441837397495,434,18146.416806829642,0
48,6814.5108747525355,523,10796.704892851058,0
19,5933.800456115042,407,16468.643571212677,1
33,5573.016186571648,828,13241.04509711738,0
26,4883.120881336184,548,12614.526471313116,0
26,5877.950718744336,558,6898.719864018735,0
55,8127.378693253917,597,20912.97317157293,0
28,4005.0778631004255,560,19329.66842967379,0
39,4776.253344776667,388,23370.978218383454,1
50,5364.082049379746,601,6503.050241809414,0
53,7301.678822552203,480,13320.152503017742,0
62,5901.94421119397,763,8033.429795415127,0
40,7270.267411981344,640,14218.30809786718,0
62,7361.397982906481,599,13461.116142629917,0
62,6565.666286475965,790,9930.067764375397,0
51,3584.8114901820036,762,10856.901032456013,0
26,8489.969041414086,783,22453.840800459606,0
41,8042.285207966862,795,11323.438857858473,0
25,5614.372090904206,401,1000.0,0
24,3012.8135635296017,723,9319.244620674399,0
53,2691.1033158261575,363,6523.654639617429,0
35,5957.7681277966785,768,7401.16420049324,0
20,4236.849204164585,505,15546.738046744078,0
45,2409.0595599513185,791,16454.56363035198,0
23,2657.1417411465973,379,7784.761925000806,0
61,4654.031368005984,439,9246.576353921404,0
61,5850.873232859761,740,8509.205749143068,0
38,8030.283491828488,516,19590.521151975685,0
45,6371.597393824315,700,16603.994263779758,0
57,4813.471845151454,418,15384.70366825123,0
18,6183.909203811038,512,6839.713433063072,0
53,6023.021654059584,591,3453.7033465134045,0
38,6831.181372952691,844,18152.386425091478,0
60,5428.104195549045,732,21594.58370798025,0
52,7365.155951821798,401,3217.1520233274223,0
30,6984.013240409473,491,23207.433925615158,0
66,5648.8600065494265,412,11469.939234032814,0
27,5285.396158721373,641,12840.87214503264,0
61,7155.547262182768,440,5410.570278452031,0
64,4215.7462274073305,501,3126.2067467548786,0
27,2788.096907541891,773,1000.0,0
63,2777.8636149688077,506,17154.111862158665,0
30,4066.5259448388833,658,11586.317341106818,0
54,6687.37413779905,714,14303.91203857208,0
55,4738.962061702246,499,17665.58476071375,0
41,5868.128805060207,677,11521.002259938345,0
19,4608.467072414076,620,20447.33288333074,0
39,4622.756741228861,718,7872.929691788172,1
34,3654.1653858799236,418,9911.936373220504,1
53,5334.587874251762,465,7485.891250621807,0
31,5184.7052755978775,541,16177.531283769931,0
27,6242.797041727279,353,17567.800354400853,0
52,6017.855692621091,424,9735.387730275559,0
42,5145.134714274857,751,5034.2632422589695,0
20,2789.040078891684,647,18153.05667120862,0
64,7427.0430416409,590,7596.254360854454,0
55,5346.920189731558,379,9985.995233779842,0
34,5643.356841809014,492,6633.71692141356,0
29,8380.891118459904,675,13437.292807284148,0
69,7134.79982787271,532,8150.189612477061,0
41,6303.608557870115,786,15507.036787686706,0
46,5495.849582732514,365,9201.20120138732,0
60,5479.038012098525,460,14689.222990038365,0
42,5932.206095899352,709,7376.575390223566,0
53,6232.432106541937,550,18131.314387177415,0
43,8580.523160411441,456,9500.486991010246,0
55,9951.878948973059,728,12450.341018762167,0
18,6022.469449726389,511,6060.498105829584,0
37,1624.103070321461,632,11919.599436698074,0
45,3786.859948074904,618,6246.062613459283,0
33,8760.69438736918,833,11780.525415115977,0
64,6793.574730860344,504,7192.335492353579,0
34,6266.883677040993,422,11223.239402704614,1
57,5199.6917594714305,546,14329.605106486153,0
45,3359.760293393228,592,5138.307965980205,0
29,8520.021558541903,435,11782.357250118223,0
44,4018.22154734664,636,14041.547948517584,0
59,6812.761269768902,608,14020.35858824523,0
64,3158.7368144425413,635,21591.912052520056,0
47,5112.372367309103,498,8277.457801821216,0
58,7287.322834815335,704,11985.957459647529,0
51,5050.550489559771,739,20738.608954519594,0
54,4836.79022434115,825,5133.718918185939,0
23,5519.145283027626,765,1000.0,0
24,3095.19479361713,775,14677.85830947893,0
49,2756.5355673171725,834,17216.11780802169,0
49,6785.625668849071,539,1449.886099064388,0
42,4740.02213388796,566,10400.995811259547,0
50,6771.672569046621,765,6910.316854680611,0
24,7512.729430871274,704,13548.376393009303,0
69,7657.556696191834,435,11830.76203144118,0
29,2582.18508776259,565,18544.73066548103,0
33,4243.907281142983,772,5275.723121666471,0
33,6467.65355267885,669,13930.167217238804,0
60,6495.403009426574,467,15108.061276274351,0
53,9548.987651553323,763,12251.713171735244,0
30,3866.295640180453,796,1965.529905776535,0
24,7602.703122617377,719,14077.69925655105,0
53,6170.094298069373,829,8346.722518028797,0
64,2547.575440005754,764,3283.617493357784,0
68,4513.932573892129,436,13846.013643847524,0
26,5972.550422181985,389,15836.00837434066,0
49,2432.139925066722,510,8923.001623875907,0
28,1766.969191051037,540,16169.208231146307,0
25,2329.7633584540417,374,16219.405940362863,0
50,5966.44057915181,769,11912.728302671194,0
40,4627.598934279808,501,14981.693425213305,1
42,4384.079744835488,444,16881.798841923835,1
25,4445.88069670169,791,14625.232369348207,0
62,2936.579659015712,772,1000.0,0
39,4678.474270887807,395,1000.0,0
21,2223.283513470696,810,17330.31249667888,0
57,7637.7540508460315,487,8557.911948742665,0
20,8546.193497218992,820,9520.209735821067,0
46,1313.0853158994905,815,21449.96995463345,1
58,4655.566613216641,637,8331.60057849736,0
46,4772.779424857364,702,11307.67854684432,0
51,5185.927888089354,513,12062.342188931954,0
51,7302.754763873921,761,10935.217194627145,0
45,4660.8205920509245,749,18720.407117109033,0
30,5341.147367083683,365,10126.983883850527,0
32,10862.2989348425,367,15596.753221651205,0
40,5299.6727663104475,485,12351.302934236828,1
61,8679.23174853893,839,16834.66171452094,0
43,6403.577783299899,813,5140.253638577608,0
21,4503.323812463471,596,1000.0,0
43,4202.678823084225,597,12148.744934031354,0
57,5486.9093290005285,680,7762.748414996501,0
26,3472.3483754561967,547,19324.399573118986,0
22,3945.0412604877392,350,11584.672064083661,1
49,4738.490918153597,539,13098.87165072409,0
37,6028.018375469012,730,10463.175177141122,0
67,8786.794981133884,809,8743.297003222686,0
28,4627.082031763127,643,12287.533697059047,0
32,6330.732483480604,825,17073.627203201977,0
49,2569.7838761523067,394,10437.06566934189,0
45,7408.519553597171,791,10085.87180294863,0
39,2400.971365131479,686,16024.084224796628,0
58,6937.095649782582,734,3576.683259628122,0
34,5354.335084092753,381,17942.361665099754,1
43,5282.824703068379,741,7968.2311115407465,0
61,4959.523507746104,467,16722.80572755811,0
24,3157.7452760942238,645,13469.226853057977,0
59,3253.1130822361547,533,1580.2959253411882,0
43,7005.736280870167,540,12059.36342355494,0
42,5521.486204326498,584,18571.407895435765,0
27,4946.397876673728,587,10482.23922653166,0
62,6298.116311144902,565,10941.221210745067,0
36,5682.358509798253,423,8162.9491923713285,0
28,4072.7232101082154,460,17977.555817357745,0
30,9929.793206516646,452,9685.41526835175,0
25,6833.361481305593,708,20957.650079991516,0
57,5728.7234320472,423,17776.675234927134,0
21,4575.499656014908,769,18659.718325533686,0
64,7214.9674405495425,822,12400.866943627312,0
48,4082.377834493028,601,9568.369003346175,0
45,3930.8054662553263,463,14392.125361247381,0
28,8547.986144332688,728,19759.958154436208,0
60,5555.215316927276,662,20866.203058342187,0
18,4125.971463912798,679,2714.0154442606927,0
66,5510.234256471419,688,25523.9869535794,0
64,7030.335796927076,587,13260.712978655534,0
69,6618.258017119347,522,15895.656109437608,0
55,7253.672073555614,428,7523.584534884824,0
41,3250.7993750689357,813,7179.117475463856,0
64,7208.46849101472,735,4805.904267746353,0
48,5177.694203107936,442,20518.260914627095,0
58,5660.381380066978,801,8559.633326593303,0
63,7677.090088560602,399,11540.534056383705,0
67,6764.906211888321,634,10493.182301877308,0
43,6131.894465718422,572,6895.8615682961945,0
66,1928.805970335482,430,11005.22596572057,0
67,5418.096660315484,615,12439.500051771685,0
22,4087.584302373099,504,18243.889584130688,0
37,6779.881547915254,722,6704.503318527505,0
69,7283.7247366641905,582,9082.495809176253,0
58,4956.344158991026,748,14750.536967242238,0
28,4299.325343580364,665,12226.954723337121,0
50,8301.341431928679,585,12319.058644418872,0
67,4414.33437937535,508,7144.633854252618,0
55,3349.8324873347465,754,15892.309965764316,0
44,4001.191924565901,665,19068.119777792363,1
51,4501.001101394421,600,18605.832797975447,0
32,3949.546504690813,663,11031.926558478786,0
49,7021.7044899005305,774,1000.0,0
38,1543.7557979667804,779,13168.654173247249,0
63,3911.3912593980476,650,12501.55149789065,0
22,5414.504598181246,729,6909.406965154616,0
23,5878.4431960041275,631,7891.713693700662,0
55,8545.302707544251,451,7022.213757897005,0
39,8281.427882974634,400,13372.621148922544,0
35,2618.673119299824,769,7887.971896197116,0
31,2065.5137069747566,401,12825.437296085702,1
27,5544.9482722677985,558,23882.705655243924,0
63,4288.266574366442,656,11070.800414484187,0
30,3354.352584430266,480,6199.832059036046,0
48,5529.0176154291785,619,4733.277675949947,0
47,5915.255173001982,782,13650.344186842272,0
20,3989.8568086404803,554,22014.467583753765,1
47,4376.647458932511,838,7492.000064458129,0
23,4128.325250702231,568,1225.1693140715597,0
46,4759.315765801695,606,20537.329562518215,0
25,6474.599378901527,534,24581.27209413374,0
61,3559.769449927144,494,15783.628701388054,0
62,4346.767011704318,845,14152.771648191207,0
60,4781.2921424460965,527,12333.627595777363,0
61,5487.845670720748,831,15405.103840813134,0
50,5996.77208724245,363,15174.025660591069,1
34,9176.064112919426,595,13414.934048228002,0
65,6529.826291695103,536,7238.453889121772,0
28,6572.6764246705,686,13388.474502173716,0
30,5020.096576096834,608,11507.93372265313,0
67,3736.2415677446215,703,7989.7537687083295,0
28,4549.214773270392,389,13376.799896164997,1
48,4221.401517613195,438,9569.013286363566,0
45,6206.015215998219,474,12338.676119837495,0
61,2527.6934374772804,799,14282.44135243043,0
23,6566.56069525704,767,14990.768082315337,0
58,5288.968739015155,823,9692.20937699294,0
33,6820.026818840269,700,14251.959290774988,0
21,4196.965259522308,358,15415.903534483343,0
52,3877.5345132839575,699,16869.42526661436,0
65,4767.996305730801,433,13524.304162544859,0
43,4724.831345043113,370,15026.743415225814,0
29,6951.4271399348745,826,9892.99948448488,0
28,6934.2486995027175,630,24884.59875520657,0
54,8929.041550363752,707,11679.441517799532,0
42,4608.114139867786,727,17605.923948351512,0
35,1200.0,521,9566.203600696546,0
36,4763.039368544528,374,13873.769366012537,1
40,5915.184265375043,742,13687.121379451328,0
55,6786.155243893903,452,14639.069423017885,0
35,6046.487688310695,539,7759.985709242117,0
43,4606.700440438542,585,13947.212239533666,0
23,8585.495843348002,759,9585.626695413517,0
21,3639.2755589879926,662,16097.287475862187,0
61,5005.639272588692,386,7608.855401707979,0
68,3556.1622864505457,621,13529.498908912748,0
46,5535.238171762309,642,11858.461553496301,0
51,8360.210365791165,681,21274.529259398318,0
34,5246.333336982137,501,17588.936674175457,0
60,5257.360266231737,631,18862.486686087268,0
60,2447.268384920934,369,8142.224449956931,0
33,4983.414065576202,486,10083.185003339202,0
19,7570.876690060033,820,11979.658433006589,0
51,5049.5749018172655,708,17722.793756931103,0
25,4927.97761495784,378,13880.381470039898,0
30,7490.286236517928,380,8254.11212731875,0
59,4935.584596652983,368,8465.460923004763,0
25,7825.69653800882,497,17962.357715699654,0
47,3187.6487283020597,820,14041.700268496543,0
49,6720.137154713854,840,12262.30677477393,0
53,8463.392573851823,632,11848.063945704364,0
64,7314.142415418844,699,16476.978303438787,0
47,2138.9076070565056,690,6728.123974628346,0
18,4351.054165424409,649,12259.30535681929,0
60,5064.487255615991,512,12558.106129217289,0
56,7317.919894072746,462,5770.449256248376,0
34,3103.0873908194158,804,10962.992955060683,0
37,3665.913993293234,499,23432.622049572878,0
41,2610.727425676014,679,7824.961314220461,0
67,4013.5595498419348,604,12630.199798679067,0
39,3247.1080174498366,436,1614.3572243519902,0
46,8376.230548353535,748,11305.437453258697,0
39,4334.720912833661,699,6628.127285926589,0
61,6743.665525834015,447,10240.896016929379,0
26,5532.345112993967,746,14130.833900701035,0
54,5507.130305664257,481,6371.170403099815,0
27,4435.40112482901,815,13205.173110710606,0
53,6886.040476835274,661,8101.131854885043,0
54,5777.8196187562135,756,5322.73319795994,0
45,5674.1390432902845,446,16913.52024047753,0
45,4431.842901679738,447,7192.958432590952,0
59,4726.403332924563,639,9880.806971094236,0
60,6560.040011635765,705,9146.31198228813,0
38,5914.100100781901,576,13084.420323271252,0
41,5722.250166115372,494,12161.511554082208,0
59,4142.723514998414,505,11173.840604241763,0
57,8999.39386634589,619,8456.318224484523,0
19,4636.527868795918,511,10673.48667574473,0
25,5445.545208894243,461,13469.208230919157,0
65,5163.339468025502,680,12589.464472002155,0
44,9018.48015507032,534,17608.845413419265,0
39,4976.533697126343,554,15815.053299589452,1
54,4811.784506243825,446,17532.325271825495,1
44,5712.960066610005,726,18767.042561309765,0
46,4251.6263989680665,404,12935.42787566045,0
20,5700.879490422724,799,16268.107095902706,0
61,9768.886444301985,831,13678.459392468636,0
30,6039.451999991965,466,18633.813077774048,0
62,5973.842659107847,442,3225.7162030711224,0
27,4207.771192763418,642,10422.19354999003,0
53,8576.572877835333,801,14050.368991578187,0
26,8990.258861436363,553,14849.80416293842,0
44,7034.82467648862,631,11911.80670094439,0
51,6676.8998015122825,538,3687.4984801637456,0
68,5077.4223674101295,825,11112.21194866851,0
18,6204.40764552032,672,16081.023675282544,0
49,3996.716311247487,433,10421.743808885623,0
42,3472.994843598268,807,12462.508088068464,0
46,2822.7521498936626,529,21582.746376868672,0
24,6239.213151894637,623,11065.613267675519,0
66,3018.9259498227616,530,11213.089745604977,1
20,4600.656274397531,796,12970.864390755407,0
37,5389.787124636441,530,13187.694317968871,0
37,7291.522719139656,632,12673.090051693449,1
47,4459.203700082344,636,13966.003908690202,0
52,7503.890162930907,824,6049.672775080011,0
52,7190.486043659527,455,11393.975930262626,0
66,3571.645010192246,478,5858.10935341821,0
56,7521.085888993495,611,12279.835430490935,0
44,4989.553980145235,360,15022.879271613563,1
43,4601.887977293347,511,11306.515849484933,0
31,4997.164104256015,836,7265.806774728572,0
34,5493.689691834386,817,9845.407321361872,0
35,4752.919719212257,796,21005.04554810022,0
62,3988.5550113497547,530,19248.4849360668,0
69,4147.739931349587,562,9288.920482737554,0
46,5750.097057467228,818,9264.059489320927,0
37,5211.16560672932,623,11456.094333221088,0
44,6449.157448119215,370,18198.39206240283,1
35,5594.253214965873,624,3245.206974104971,0
21,5638.625192770765,609,9224.139364471195,0
18,6567.062022701717,682,14056.595766139164,0
67,8054.052529442832,815,13479.398084862334,0
18,8126.2402269254,465,9861.753530621536,0
43,7912.731556205592,762,10738.542453746422,0
62,7066.808505534354,374,13654.805268925218,0
37,9253.739119765869,789,9948.018498450576,0
69,6288.082779238431,682,6682.780022768442,0
40,6085.982467579729,603,11072.980120157335,0
27,9539.058295905488,796,12946.783559068526,0
28,1200.0,760,1377.775105196648,0
58,5114.986320440226,793,13961.115879375782,0
58,7754.49231247,560,16870.878344959034,0
22,7264.473314899031,654,10213.719804663606,0
18,10118.172834704135,670,10304.421944375403,0
34,5693.474292996554,771,8307.913747291426,0
39,4724.528315701247,688,11238.0786539444,0
51,4902.247455986449,785,9209.14069278798,0
62,6072.522693150246,606,19238.027860317383,0
58,8418.965672712378,517,12623.032211929654,0
46,8441.453815993886,686,1262.4421396455873,0
21,5399.173590699392,370,14852.673177334027,1
22,5955.415276020025,435,20595.6991136855,1
28,4399.117157434845,364,14545.340251405058,1
68,4587.0120143100185,399,17950.082847976355,1
38,7383.262984186909,836,15385.906113639241,0
52,8383.980499717016,653,16954.919319211487,0
29,4244.889375154335,836,16711.466144016653,0
43,5937.321433836432,765,16768.760327929,0
68,5062.459499057426,654,13583.380458233172,0
36,7054.968987193612,545,3424.8358371532086,0
62,4800.67115975838,713,6553.551221046688,0
24,2032.3811089728133,650,6645.217384214703,0
64,7306.643280001604,637,1000.0,0
24,4953.72946625787,737,9826.176542530382,0
43,5141.001311401501,594,19077.366215947055,0
57,6284.05825004531,798,4818.119489115276,0
22,6135.100557674716,702,15640.37584752632,0
38,6321.0189857543,804,14645.519808364732,0
31,2566.480302556848,550,13149.843786886348,1
21,6501.3562216656865,542,17912.902712073086,0
40,2063.6985693679576,685,11793.429485411376,0
59,6885.217258805813,495,19607.622828800406,0
37,7513.086307799044,659,11002.543942718037,0
32,3036.6637430946103,476,13716.819506483207,1
67,6091.179383046789,524,11291.98981638231,0
69,7402.922433305979,483,7381.010842897417,0
62,4691.79348333124,415,5267.072485149749,0
46,6712.545458275522,742,14876.209429724953,0
25,1200.0,801,18736.433781009902,1
58,7476.7530128381395,714,13220.772307139376,0
65,5553.989629647716,628,14569.75879545758,0
36,5035.907122055142,595,4228.391542468286,0
65,7271.274615228064,712,13926.289084267899,0
56,8612.721416303159,586,1602.0716680935548,0
63,6374.288514437194,520,6022.0973501602375,0
45,8395.68498948801,400,18670.964072192925,0
63,2704.0901454514365,677,12068.250206350316,0
44,6698.707908101318,708,12529.179988382002,0
21,5262.39306486231,502,14769.00634256607,1
32,4081.205611510629,429,15990.65105597992,1
52,2028.373417246884,768,10645.862652315447,0
54,6601.216688204794,494,13464.586909109188,0
18,7075.522096149752,623,11652.439306585507,0
20,7915.640951787846,504,4340.075648701648,0
64,7617.682787743057,748,10227.467559875085,0
41,4110.922563294934,686,14065.236775089797,0
44,7823.269927561834,712,10075.087310220555,0
57,8013.42550704132,674,10120.462489137517,0
53,5032.02893454513,685,15910.994106186436,0
51,5551.170874681094,492,12805.59444385473,0
46,3818.5224273108247,647,13759.375761986728,0
41,8165.595323175998,843,3876.382897742018,0
41,2778.7831372559153,383,14241.600053377622,1
59,6462.947210254785,653,6457.788922863929,0
21,4425.707461391717,816,11877.39441296643,0
20,3505.8649247982803,741,6683.983402761851,0
51,2125.4890949894657,588,16664.62723724642,0
66,5112.268969652212,487,21148.039585561397,0
40,3223.7467937237707,603,11262.12417801403,0
69,5601.555015892847,354,11215.552123204112,0
40,8684.807182121123,721,17153.748328484115,0
62,5859.113187589999,525,14859.435166940677,0
22,9095.104904112368,722,11643.586299262737,0
48,3731.908143739324,759,13841.049428873413,0
58,3194.306560001174,563,22149.067323583346,1
23,3651.371941189099,713,8640.647977374498,0
54,5382.819030240453,372,9070.5700358104,0
27,10401.307637903745,667,15973.291387595946,0
57,2508.193515607407,362,22562.171922644244,1
24,6615.3936126923645,742,12886.079769442029,0
56,4240.06239512704,590,3452.193875154562,0
55,5097.154508108267,625,13951.91032048668,0
38,3235.564159720593,441,9375.257284114836,0
37,7082.4489832711715,457,14380.809399529626,0
20,5420.9347606807805,790,5203.374144042337,0
68,7457.416391249498,578,4621.0510853199075,0
39,5815.441349258609,501,10515.64709046181,0
64,2023.076841081625,457,20261.249456408128,1
21,7473.777032755385,638,5141.914554783954,0
45,1876.598861842575,753,10398.272430856212,0
29,2134.1751707504577,793,4680.980433771968,0
55,3849.0351757630547,525,13449.360983035654,0
68,3873.060024485794,669,13107.521776052112,0
53,8012.838457686668,635,4880.437642849496,0
64,5191.918503849345,713,18438.651332299814,0
58,7745.293525554393,678,2388.9685824921926,0
22,4477.748538545285,714,19882.264544170772,0
30,6071.763464219143,590,18872.344367155518,0
40,6353.276160721971,494,13528.984592254978,0
67,6752.9177507386885,705,16480.55658793543,0
47,4663.132886051492,363,11109.451341790913,0
54,4819.861200187191,624,4298.144895338157,0
42,4963.364957321481,420,13182.427677490137,0
65,2525.6576974657523,664,4145.412795760556,0
44,5348.976646117066,544,11945.599532468406,0
68,4809.368340862696,702,5815.787054382577,0
31,6544.131209339596,649,16877.0686596444,0
65,5664.342107907403,765,13900.84416307997,0
64,7905.487246215738,716,15391.526270273294,0
53,5626.15925537542,360,13701.462049390513,0
56,4488.029746803525,455,21404.06855137908,1
33,5603.854999898412,607,17111.998896154022,0
39,6803.501033578895,823,20518.109185076035,0
38,2308.226665979716,730,7499.7482919548565,0
38,4212.552666128337,545,9287.073463382021,0
25,4250.481875406366,494,1000.0,0
66,6239.782365179501,814,10038.059792626,0
33,6449.115771445509,569,11822.255412716419,0
48,5682.209910102811,699,14171.560334513075,0
59,1200.0,773,9345.288072111307,0
27,2526.547270254783,820,15682.005600944236,0
49,5069.922721377182,523,15331.714921207727,0
51,4597.355037954747,565,9632.139450303952,0
26,5509.666681904806,442,7207.839473743104,0
34,4655.083307616144,609,12329.539096052635,0
28,8256.956439068266,771,12496.610920191197,0
49,1370.9051472762612,412,8961.30624071283,1
27,6044.729736753666,378,10703.957290176179,0
39,6990.418731094251,624,4910.704043983762,0
34,6762.769225045119,696,15392.752769647217,0
21,6917.091378402132,634,15473.66427446371,0
65,7176.008635103682,833,12244.936017599712,0
69,4412.836204106997,768,15827.510054390154,0
64,3517.3292374414773,721,12655.78257139327,0
42,1837.5729891495898,419,20081.330350945515,1
38,4847.314899376549,728,5517.95847954814,0
54,4100.440376881261,628,13008.95215792595,0
55,7590.895864582848,580,16516.743743286617,0
66,4982.3954017279575,651,19460.50012914669,0
18,3645.2696729903955,604,15962.875463733984,0
42,3360.6361828700187,521,6810.097971312051,1
68,9079.876096810829,781,3724.756324527385,0
53,5460.244633015161,529,11150.614704909109,0
34,4093.291966106902,613,13808.59155001365,1
58,5723.275253989638,532,16723.675266724807,0
41,8914.400481097127,671,6522.650224723217,0
19,4798.5748438608,554,15053.69029507288,0
57,6736.619277006754,773,1000.0,0
32,7635.629867194584,598,8302.53123488907,0
49,2095.436994670168,562,16301.38712312669,0
56,4350.857646394829,508,6043.946876397398,0
23,7409.955930685954,849,6482.08444747396,0
18,4241.253809615489,781,9372.884884235997,0
64,6246.32571868111,449,12884.961054611154,0
40,4134.733121575342,666,6423.725371246843,0
56,4698.006573678532,461,11838.581513482728,0
34,4478.7451499072085,657,9839.107452521685,0
51,6646.006276652498,515,17789.6599980086,0
58,5862.844205559267,824,9581.096214152236,0
46,5677.947001019836,385,12141.697424434411,1
26,10013.4914281459,461,12831.685584201721,0
30,8631.45533281612,436,9901.313543213613,0
23,1933.7614830031953,532,15848.506571645701,1
23,4701.862588206613,434,16888.067886412624,1
37,9867.634614292585,618,9555.172200709665,0
69,4465.737944761524,514,13465.60152847118,0
20,9257.94277457526,652,7362.355295736659,0
34,4732.611733237131,439,14819.008497506093,0
66,5078.804373016187,837,13164.11531065039,0
29,7054.428446444462,804,10180.296783263053,0
65,5337.627084985896,587,13649.66201925036,1
64,6390.324351233715,836,14964.27832551839,0
62,8334.90765875375,371,18151.939065510152,0
18,6865.841681156384,516,13987.41087947842,0
34,5754.757837869459,564,16442.051828418713,0
20,8512.348315091667,407,21524.2768113089,0
43,7078.037456575179,379,6830.1713001417465,0
32,4179.622306424773,751,17856.61231612259,0
53,9064.135420199234,455,7604.256978651242,0
49,6656.258065690321,751,8432.747455929955,0
49,5115.381816034249,843,11941.001637116728,0
21,1862.528347745295,679,8769.845835885977,0
35,3020.3625158836,516,7933.839801899601,0
66,8560.242838719887,699,11697.97631211112,0
36,8631.397453546811,503,10333.755088394611,0
60,5653.511323719832,676,8673.486387852709,0
69,2313.5604832441245,356,7236.919752924344,0
52,3543.444543428909,546,19125.746462377247,0
57,2577.2169663107597,670,5998.9985275122035,0
31,2511.7997321552307,395,11161.60216779697,1
50,9148.24426408643,367,17589.61340838358,0
31,9207.852235146052,746,16047.73649787782,0
51,3482.4751235819745,502,13168.574736473563,1
21,5484.277043384322,837,8881.790299443128,0
41,3187.366912122755,613,11906.229668871232,0
46,5472.571516299844,423,6379.648171765252,0
36,8450.746990064374,765,10574.326923327806,0
23,7441.694291445427,494,10498.660945863481,0
50,6955.592977895117,451,10981.484586637982,0
66,5150.476472926844,684,8059.950660012904,0
57,7771.540808793456,684,3520.594521278046,0
36,6664.003743849996,470,18259.266273912213,0
18,6227.048046368295,525,17148.847986771092,1
22,5292.263191240386,412,16373.271525922828,1
44,6073.071291126399,645,13892.096292441343,0
33,6018.852840164787,848,12851.812837937923,0
23,4525.423038866331,433,8531.573054016302,0
57,4105.150239290921,364,9065.868482298541,0
30,3705.5674714052975,704,19276.777351643974,0
65,3820.846398771532,483,20414.53672382208,0
52,5161.414824018907,827,11076.232995112829,0
36,4865.167181807953,470,12018.820876666696,0
29,4382.679256115398,668,15661.607776213634,0
33,4249.393345476702,741,12467.33281020123,0
60,6025.384047009369,828,12845.172774324656,0
27,7979.69340491375,477,11701.00368985897,1
42,5480.351774067792,717,7310.820477242696,0
37,5362.604559926616,716,10134.93809759163,0
48,3817.203953115935,637,11331.668777889903,0
21,5098.474338776726,650,1000.0,0
61,7642.605413096864,727,12437.56630304578,0
40,7367.4299863161505,529,23612.829397140136,0
19,7242.352739693803,812,9853.154609557885,0
39,7184.563892595716,431,12165.630923561943,0
68,6286.118600016704,362,7797.570142744033,0
54,6222.172894269392,373,6530.503549565965,0
25,5940.550588032593,517,10449.541417573824,0
24,4749.606495905475,619,15148.966072933868,0
31,5650.658917507917,825,10831.232899939361,0
20,5888.07943067056,808,10129.61370801458,0
67,6639.703485968894,419,14477.978574488465,1
33,5680.461676681287,667,13000.485592120365,0
36,9289.290485750353,725,13396.369204522653,0
68,3322.3380452957585,438,17951.47220563037,0
35,6858.05625958726,538,17323.171145861015,0
69,5425.7613280497035,606,19478.700137634696,0
33,5503.863307827775,566,5935.841945205207,0
25,4037.3635918405453,799,16286.277163217645,0
50,7334.817881047633,731,20229.114666092093,0
66,6675.1147617780825,381,3836.7199672648567,0
29,7000.547314246645,490,11899.52801660532,1
28,5804.641728674136,510,9283.663284203247,0
22,4915.189333647595,381,11878.3236686941,0
44,5380.189212619977,661,17734.891412371657,0
29,6280.238170100151,501,5021.322469655952,0
34,1889.9628887444665,696,13224.938575862552,0
23,7071.2791616358245,609,9176.92272252002,0
50,9867.14706642952,565,17888.20809092609,0
22,6364.603084516258,628,14104.672110621437,0
45,4994.332076426007,634,11211.266959872924,0
31,5209.776541577315,447,8409.41515453287,0
22,6773.5762316815035,754,25289.609465925656,0
50,5035.080406032787,379,13399.442801718273,0
67,7063.615488410519,439,4900.227639944713,0
65,5186.546709165561,497,7946.289548758528,0
58,8585.530239923806,493,14063.07644874594,0
36,8535.873044839938,416,8349.868625765472,0
39,4905.694597706306,782,8964.959501443207,0
22,5354.157093870161,706,16929.629085438937,0
19,5459.736048618988,407,16487.04817820721,1
47,5483.860613625268,837,9143.964677824137,0
64,3794.6277188907825,777,17854.27598741409,0
56,3542.930768306166,630,8446.92240292885,0
21,7749.56362878632,628,20467.70576117776,1
50,7461.616625567501,585,14687.72901278285,0
30,7430.537285519089,792,13450.908589543395,0
37,5375.118939507408,734,10075.983330248406,0
24,8905.621185981452,702,8956.741479130334,0
32,5459.555841985779,748,1000.0,0
40,7053.177113019534,477,10529.271492019489,0
31,3000.4803738370288,686,11947.52251950994,0
40,5086.476403303869,831,2869.492398916411,0
36,5219.52209996713,558,16116.919645454393,0
46,5382.122431561093,785,11198.142568103187,0
37,3114.1018576077654,535,18073.560461303114,1
46,6766.9856700836635,518,8581.697905384372,0
41,7351.49856034608,521,18182.103909031262,0
35,4161.053099578752,609,9754.845485705378,0
27,3434.7852706216077,554,11748.574156712537,1
58,4115.90507519094,801,13078.076208010467,0
25,6391.897604452326,484,11791.69115926664,0
43,4426.113961164961,395,13521.783814923956,0
46,5258.682550654523,358,2377.257796169599,1
27,3567.7706595351488,820,11303.06126858372,0
34,9062.715529902634,510,11597.890508185876,0
19,5631.757530693009,638,2067.595665116185,0
23,7569.487592607935,689,15212.35188056633,0
22,6387.705701629906,737,7443.232992650866,0
45,5424.615901062875,670,16711.64611822991,0
58,5331.4078151993,455,12429.75830314031,0
22,4194.561382051987,639,9128.590614498626,0
35,4689.166328409294,824,17023.460292648095,0
43,3685.9558031226916,690,20309.335268046514,0
37,3489.641250520699,437,12192.533671398482,1
58,9255.475751592432,812,18874.4304557195,0
66,6002.042257147497,832,11119.366982814585,0
44,8138.291035067308,541,16811.609287660427,0
66,4070.6879373351603,502,10162.613988991736,0
29,3247.1135335634604,660,21129.458895814263,1
24,3739.9992202740677,486,17386.53644812514,1
20,4740.270606838547,622,14351.723708294161,0
27,5565.6998772870875,498,1000.0,0
51,5228.314089680813,537,14244.083207002626,1
42,4108.256256724068,490,5825.335171868633,0
52,5657.887016771975,480,13766.265037738398,0
33,5815.695024171904,801,18387.49594319432,0
19,6764.097569592841,353,15444.984835069732,0
41,8146.778145422568,840,16293.56202907657,0
27,4844.991178883938,825,10134.88275244914,0
55,7687.865068542338,612,4376.996443898462,0
39,5618.687668170376,375,8142.76420705921,0
43,2750.8258226479934,808,10351.317749553524,0
60,8709.887458712506,373,11929.696898996477,0
56,9590.565595419443,840,18345.63981739605,0
44,6614.373660492792,615,15652.889347210752,0
46,5661.612935954437,578,23098.62610812745,0
64,5011.470891703906,618,6993.5633619499995,0
55,4664.893654928065,474,17819.839117409523,0
37,7679.26225566553,521,16376.780386729,0
44,5468.908171513289,583,11417.189224003807,0
58,8513.091635040582,644,7195.169808394615,0
37,5562.752347592498,752,8922.60414797246,0
61,4757.775951837867,784,8682.21898116294,0
36,4417.659163878881,624,20553.33870760389,0
37,4161.311046469904,425,16141.2522916454,1
52,6425.462487530883,657,16328.281411827644,0
64,3169.911961255579,563,12438.368246503198,0
19,4026.9925299947445,780,10856.019907410391,0
47,7884.068726513927,834,13686.678994276399,0
51,3781.81124051594,725,12512.326797965277,0
39,7052.86885958203,507,11519.851517011672,0
20,1786.5787392985321,651,13833.444378274877,0
23,8110.156675916353,553,6670.583294187903,0
32,3213.582689750416,826,13335.047628402088,0
44,3922.4912617454343,498,11446.00023889944,0
27,6724.616640375385,424,8426.918705487533,0
26,5986.734641574488,729,15203.136337421132,0
50,7110.977384970653,578,20975.913445704813,0
49,3199.1272673363646,653,18390.34855829196,0
65,4983.750263199629,411,10586.925317934658,0
23,4389.259223421213,407,15321.987401952832,0
58,3501.6601633256378,623,16216.934065947253,0
53,6572.6154253366585,457,12595.858814675557,0
19,7197.492603892231,536,11880.025983229467,0
46,4893.640830927039,824,13718.797139225302,0
21,8240.880338733106,578,24562.894170325693,0
18,4085.739602418983,397,13286.586456832822,0
36,8197.241183446675,668,5662.895538775717,0
43,6512.030307564879,617,6768.53469490383,0
42,3297.5790661449805,564,11144.042078040333,0
27,9066.743680748805,639,5765.580634805181,0
32,4699.94044025615,603,11337.41138009448,1
39,7669.211931306011,794,23126.053321934545,0
68,5762.168419473339,707,9442.837145936945,0
65,6173.994204013297,436,6563.583249028244,0
38,7122.172204886154,530,10962.1081093516,0
39,7022.532132044206,374,11480.256169685714,1
53,4884.136186377771,795,7055.862988966263,0
51,6456.998072689471,737,5808.173844364397,0
47,6321.879727657303,571,18781.25523349292,0
42,5884.410159440642,827,14503.820176490834,0
62,5134.030239106488,746,9586.29936562321,0
45,5880.816699749646,775,6222.976646078435,0
18,9041.573343152548,398,9412.791702892382,1
66,4968.950766194517,683,5869.820396563132,0
62,7671.857355647576,789,9102.588462514137,0
21,4384.6544369503645,524,22334.54003552723,1
24,3913.6336078190616,741,13194.272732432572,0
66,11397.5188212034,660,8909.91923465688,0
26,6472.043554580638,821,15397.677975968767,0
53,6521.524230321304,623,7349.783854622455,0
36,6571.409989301564,384,9971.87599160957,0
